学校名称,经度_GCJ02,纬度_GCJ02,公园名称,公园类型,公园经度,公园纬度,直线距离_米,步行距离_米,步行时间_秒,是否500m内
上地实验小学,116.313971,40.031455,幸福花园,风景名胜;公园广场;公园,116.309433,40.029881,424,756,605,是
上地实验小学,116.313971,40.031455,上地公园,风景名胜;公园广场;公园,116.310318,40.035061,508,797,638,否
上地实验小学,116.313971,40.031455,爱之园,风景名胜;公园广场;公园,116.320138,40.030581,534,1102,882,否
上地实验小学,116.313971,40.031455,美和园公园,风景名胜;公园广场;公园,116.323264,40.035240,897,1811,1449,否
上地实验小学,116.313971,40.031455,树村公园,风景名胜;公园广场;公园,116.304488,40.026141,1001,1628,1302,否
中关村第三小学（红山校区）,116.264858,40.017058,口袋公园,风景名胜;公园广场;公园,116.266863,40.015384,252,230,184,是
中关村第三小学（红山校区）,116.264858,40.017058,水上公园(不对外开放),风景名胜;公园广场;公园,116.261701,40.020401,459,948,758,是
中关村第三小学（红山校区）,116.264858,40.017058,清河滨水绿廊-清河之源,风景名胜;公园广场;公园|风景名胜;风景名胜;风景名胜,116.271614,40.010245,952,1172,938,否
中关村第三小学（红山校区）,116.264858,40.017058,百旺绿地公园,风景名胜;公园广场;公园,116.266751,40.027683,1193,1293,1034,否
中关村第三小学（红山校区）,116.264858,40.017058,功德寺公园,风景名胜;公园广场;公园,116.257439,40.002505,1739,2771,2217,否
中关村第二小学(百旺校区),116.268738,40.047617,德馨园,风景名胜;公园广场;公园,116.264822,40.044055,518,1438,1150,否
中关村第二小学(百旺校区),116.268738,40.047617,中关村软件园体育公园,风景名胜;公园广场;公园,116.277301,40.049545,760,952,762,否
中关村第二小学(百旺校区),116.268738,40.047617,百旺公园,风景名胜;公园广场;公园,116.257461,40.044152,1035,1784,1427,否
中关村第二小学(百旺校区),116.268738,40.047617,北京觅特体育公园,风景名胜;公园广场;公园,116.260523,40.039568,1137,2412,1930,否
中关村第二小学(百旺校区),116.268738,40.047617,中关村公园西区,风景名胜;公园广场;公园,116.267958,40.058988,1267,1766,1413,否
中国人民大学附属中学翠微学校(小学部),116.299958,39.914853,翠微烟雨公园,风景名胜;公园广场;公园,116.300498,39.917287,274,361,289,是
中国人民大学附属中学翠微学校(小学部),116.299958,39.914853,中塔公园西院,风景名胜;公园广场;公园,116.303463,39.918030,463,2203,1762,是
中国人民大学附属中学翠微学校(小学部),116.299958,39.914853,滨角园口袋公园,风景名胜;公园广场;公园,116.296682,39.919267,565,722,578,否
中国人民大学附属中学翠微学校(小学部),116.299958,39.914853,定慧公园怡静园,风景名胜;公园广场;公园,116.295728,39.919387,620,723,578,否
中国人民大学附属中学翠微学校(小学部),116.299958,39.914853,小天鹅公园,风景名胜;公园广场;公园,116.309335,39.913179,822,1086,869,否
中国农业科学院附属小学（气象路校区）,116.336473,39.946938,北京交通大学劳动花园,风景名胜;公园广场;公园,116.340985,39.950822,579,945,756,否
中国农业科学院附属小学（气象路校区）,116.336473,39.946938,五塔寺公园,风景名胜;公园广场;公园,116.329587,39.943299,713,949,759,否
中国农业科学院附属小学（气象路校区）,116.336473,39.946938,北京交通大学芳华园,风景名胜;公园广场;公园,116.343578,39.951291,776,1036,829,否
中国农业科学院附属小学（气象路校区）,116.336473,39.946938,铁科院宿舍区中心花园,风景名胜;公园广场;公园,116.342474,39.956124,1143,2440,1952,否
中国农业科学院附属小学（气象路校区）,116.336473,39.946938,南长河公园,风景名胜;公园广场;公园,116.350912,39.943514,1289,1411,1129,否
人大附中实验小学,116.321476,39.974705,知春公园,风景名胜;公园广场;公园,116.325896,39.974074,383,743,594,是
人大附中实验小学,116.321476,39.974705,双榆树公园,风景名胜;公园广场;公园,116.324810,39.970456,551,882,706,否
人大附中实验小学,116.321476,39.974705,院士公园,风景名胜;公园广场;公园,116.327133,39.981181,867,1325,1060,否
人大附中实验小学,116.321476,39.974705,中国人民大学中关村校区牡丹苑,风景名胜;公园广场;公园,116.310732,39.971517,982,1576,1261,否
人大附中实验小学,116.321476,39.974705,中国人民大学中关村校区桃李园,风景名胜;公园广场;公园,116.310031,39.972052,1020,1514,1211,否
北京医科大学附属小学（牡丹园校区）,116.377293,39.977723,小公园(龙翔路),风景名胜;公园广场;公园,116.375724,39.981235,413,1111,889,是
北京医科大学附属小学（牡丹园校区）,116.377293,39.977723,马甸公园儿童区,风景名胜;公园广场;公园,116.379766,39.973625,502,860,688,否
北京医科大学附属小学（牡丹园校区）,116.377293,39.977723,祁家豁子城市森林公园,风景名胜;公园广场;公园,116.379037,39.982406,542,1048,838,否
北京医科大学附属小学（牡丹园校区）,116.377293,39.977723,北极寺公园,风景名胜;公园广场;公园,116.377065,39.985717,890,1600,1280,否
北京医科大学附属小学（牡丹园校区）,116.377293,39.977723,玫瑰公园,风景名胜;公园广场;公园,116.381903,39.970333,911,1381,1105,否
北京大学附属小学,116.319123,39.995024,清华大学绿园,风景名胜;公园广场;公园,116.318125,40.000783,646,1373,1098,否
北京大学附属小学,116.319123,39.995024,北京大学朗润园,风景名胜;公园广场;公园,116.309887,39.998030,855,1761,1409,否
北京大学附属小学,116.319123,39.995024,西水磨公园,风景名胜;公园广场;公园,116.314455,40.003106,983,1703,1362,否
北京大学附属小学,116.319123,39.995024,中海体育公园,风景名胜;公园广场;公园,116.315203,39.986339,1023,1694,1355,否
北京大学附属小学,116.319123,39.995024,北京大学鸣鹤园,风景名胜;公园广场;公园,116.305312,39.995300,1178,2017,1614,否
北京实验学校海淀校区（小学部）,116.330998,39.925376,阜成路口袋公园,风景名胜;公园广场;公园,116.321550,39.924017,820,1184,947,否
北京实验学校海淀校区（小学部）,116.330998,39.925376,东湖湿地公园,风景名胜;公园广场;公园,116.325844,39.918313,900,2681,2145,否
北京实验学校海淀校区（小学部）,116.330998,39.925376,玉渊潭公园-樱落花谷,风景名胜;公园广场;公园,116.321175,39.914275,1493,2711,2169,否
北京实验学校海淀校区（小学部）,116.330998,39.925376,北营房城市森林公园,风景名胜;公园广场;公园,116.348483,39.924000,1500,1801,1441,否
北京实验学校海淀校区（小学部）,116.330998,39.925376,玉渊潭牡丹园,风景名胜;公园广场;公园,116.320914,39.914138,1518,2798,2238,否
北京市海淀区第三实验小学（北校区）,116.340977,39.994004,京张铁路遗址公园,风景名胜;公园广场;公园,116.338277,39.991769,339,414,331,是
北京市海淀区第三实验小学（北校区）,116.340977,39.994004,樱花园,风景名胜;公园广场;公园,116.346506,39.993888,471,963,770,是
北京市海淀区第三实验小学（北校区）,116.340977,39.994004,互动轨道花园,风景名胜;公园广场;公园,116.337828,40.000202,740,940,752,否
北京市海淀区第三实验小学（北校区）,116.340977,39.994004,清华东路带状公园,风景名胜;公园广场;公园,116.346842,40.000486,877,1334,1067,否
北京市海淀区第三实验小学（北校区）,116.340977,39.994004,清华东路带状公园-东王庄小区公园,风景名胜;公园广场;公园,116.346826,40.000503,878,1333,1066,否
北京教育学院附属海淀实验小学,116.244230,39.931507,海淀区田村城市休闲公园,风景名胜;公园广场;公园,116.243314,39.934853,380,1732,1386,是
北京教育学院附属海淀实验小学,116.244230,39.931507,什坊园公园,风景名胜;公园广场;公园,116.236808,39.930816,638,1212,970,否
北京教育学院附属海淀实验小学,116.244230,39.931507,一河十园汽车公园,风景名胜;公园广场;公园,116.245984,39.938701,814,1389,1111,否
北京教育学院附属海淀实验小学,116.244230,39.931507,阜石路南侧绿地公园西区,风景名胜;公园广场;公园,116.256620,39.924045,1344,1730,1384,否
北京教育学院附属海淀实验小学,116.244230,39.931507,口袋公园,风景名胜;公园广场;公园,116.260047,39.929446,1369,1635,1308,否
北京林业大学附属实验小学,116.340259,40.015485,东升八家郊野公园南区,风景名胜;公园广场;公园,116.336020,40.014339,383,561,449,是
北京林业大学附属实验小学,116.340259,40.015485,逸成体育公园,风景名胜;公园广场;公园,116.345283,40.013625,475,843,674,是
北京林业大学附属实验小学,116.340259,40.015485,东升八家郊野公园,风景名胜;公园广场;公园,116.336864,40.019354,518,876,701,否
北京林业大学附属实验小学,116.340259,40.015485,八家口袋公园,风景名胜;公园广场;公园,116.345353,40.018421,543,946,757,否
北京林业大学附属实验小学,116.340259,40.015485,东升八家郊野公园东区,风景名胜;公园广场;公园,116.340734,40.020488,558,1176,941,否
北京林业大学附属小学,116.348464,40.004573,清华东路带状公园-东王庄小区公园,风景名胜;公园广场;公园,116.346826,40.000503,474,1040,832,是
北京林业大学附属小学,116.348464,40.004573,清华东路带状公园,风景名胜;公园广场;公园,116.346842,40.000486,475,1041,833,是
北京林业大学附属小学,116.348464,40.004573,互动轨道花园,风景名胜;公园广场;公园,116.337828,40.000202,1029,1296,1037,否
北京林业大学附属小学,116.348464,40.004573,逸成体育公园,风景名胜;公园广场;公园,116.345283,40.013625,1043,1841,1473,否
北京林业大学附属小学,116.348464,40.004573,北语万国驿文明互鉴列车主题文化公园,风景名胜;公园广场;公园,116.352732,39.995278,1096,1699,1359,否
北京海淀凯文学校,116.242636,39.953598,黑塔公园,风景名胜;公园广场;公园,116.244495,39.956190,329,1255,1004,是
北京海淀凯文学校,116.242636,39.953598,西山公园,风景名胜;公园广场;公园,116.239286,39.947119,775,1315,1052,否
北京海淀凯文学校,116.242636,39.953598,南旱河滨水绿廊,风景名胜;公园广场;公园,116.247585,39.946324,913,1548,1238,否
北京海淀凯文学校,116.242636,39.953598,平庄郊野公园,风景名胜;公园广场;公园,116.241051,39.944446,1027,1565,1252,否
北京海淀凯文学校,116.242636,39.953598,西冉城市生态公园,风景名胜;公园广场;公园,116.260262,39.953757,1504,3153,2522,否
北京石油学院附属实验小学,116.375966,40.034185,东升文体公园,风景名胜;公园广场;公园,116.375967,40.039782,623,972,778,否
北京石油学院附属实验小学,116.375966,40.034185,龙岗路社区公园,风景名胜;公园广场;公园,116.368438,40.032684,663,1704,1363,否
北京石油学院附属实验小学,116.375966,40.034185,西三旗公园,风景名胜;公园广场;公园,116.362970,40.035774,1121,1822,1458,否
北京石油学院附属实验小学,116.375966,40.034185,怡清园小区公园,风景名胜;公园广场;公园,116.362060,40.037824,1252,2333,1866,否
北京石油学院附属实验小学,116.375966,40.034185,永泰公园,风景名胜;公园广场;公园,116.360121,40.034690,1351,2096,1677,否
北京石油学院附属小学（南校区）,116.367308,39.988898,塔院城市森林公园,风景名胜;公园广场;公园,116.373559,39.994833,848,1184,947,否
北京石油学院附属小学（南校区）,116.367308,39.988898,北极寺公园,风景名胜;公园广场;公园,116.377065,39.985717,904,1777,1422,否
北京石油学院附属小学（南校区）,116.367308,39.988898,青年园,风景名胜;公园广场;公园,116.360903,39.996100,970,1295,1036,否
北京石油学院附属小学（南校区）,116.367308,39.988898,北京大学学院路校区中心花园,风景名胜;公园广场;公园,116.356422,39.984139,1068,1912,1530,否
北京石油学院附属小学（南校区）,116.367308,39.988898,小公园(龙翔路),风景名胜;公园广场;公园,116.375724,39.981235,1114,1804,1443,否
北京石油学院附属第二实验小学,116.378244,40.035725,东升文体公园,风景名胜;公园广场;公园,116.375967,40.039782,491,759,607,是
北京石油学院附属第二实验小学,116.378244,40.035725,龙岗路社区公园,风景名胜;公园广场;公园,116.368438,40.032684,901,1487,1190,否
北京石油学院附属第二实验小学,116.378244,40.035725,西三旗公园,风景名胜;公园广场;公园,116.362970,40.035774,1301,1609,1287,否
北京石油学院附属第二实验小学,116.378244,40.035725,怡清园小区公园,风景名胜;公园广场;公园,116.362060,40.037824,1399,2120,1696,否
北京石油学院附属第二实验小学,116.378244,40.035725,永泰公园,风景名胜;公园广场;公园,116.360121,40.034690,1548,1883,1506,否
北航实验学校小学部,116.349232,39.977772,北京航空航天大学学院路校区唯实园,风景名胜;公园广场;公园,116.351288,39.978555,195,239,191,是
北航实验学校小学部,116.349232,39.977772,北京航空航天大学学院路校区南花园,风景名胜;公园广场;公园,116.344691,39.980191,471,819,655,是
北航实验学校小学部,116.349232,39.977772,北京航空航天大学学院路校区绿园,风景名胜;公园广场;公园,116.346097,39.983883,730,1046,837,否
北航实验学校小学部,116.349232,39.977772,北京大学学院路校区中心花园,风景名胜;公园广场;公园,116.356422,39.984139,937,1396,1117,否
北航实验学校小学部,116.349232,39.977772,京张铁路遗址公园一期,风景名胜;公园广场;公园,116.339985,39.982588,953,1672,1338,否
和平小学,116.205363,40.036476,太舟坞公园,风景名胜;公园广场;公园,116.200041,40.048057,1366,1806,1445,否
和平小学,116.205363,40.036476,画眉山滨水公园,风景名胜;公园广场;公园,116.207061,40.048846,1384,1783,1426,否
和平小学,116.205363,40.036476,温泉儿童生态体验园,风景名胜;公园广场;公园,116.186779,40.042394,1715,2459,1967,否
和平小学,116.205363,40.036476,东埠头沟公园-南区,风景名胜;公园广场;公园,116.193721,40.050071,1809,2286,1829,否
和平小学,116.205363,40.036476,白家疃公园,风景名胜;公园广场;公园,116.183093,40.044563,2100,2878,2302,否
海淀区万泉小学（曙光分校）,116.291194,39.946017,四季曙光公园,风景名胜;公园广场;公园,116.289718,39.947958,250,1076,861,是
海淀区万泉小学（曙光分校）,116.291194,39.946017,车道沟公园,风景名胜;公园广场;公园,116.294397,39.943911,360,722,578,是
海淀区万泉小学（曙光分校）,116.291194,39.946017,五福玲珑公园,风景名胜;公园广场;公园,116.287733,39.940499,681,1319,1055,否
海淀区万泉小学（曙光分校）,116.291194,39.946017,生命之光人口文化园,风景名胜;公园广场;公园,116.298667,39.952858,993,1962,1570,否
海淀区万泉小学（曙光分校）,116.291194,39.946017,南长河公园,风景名胜;公园广场;公园,116.302924,39.950400,1113,2313,1850,否
海淀区上地实验小学树村校区,116.294522,40.032029,厢黄旗公园-南区,风景名胜;公园广场;公园,116.292606,40.023708,940,1287,1030,否
海淀区上地实验小学树村校区,116.294522,40.032029,厢黄旗公园,风景名胜;公园广场;公园,116.293169,40.022768,1037,1393,1114,否
海淀区上地实验小学树村校区,116.294522,40.032029,树村公园,风景名胜;公园广场;公园,116.304488,40.026141,1072,1308,1046,否
海淀区上地实验小学树村校区,116.294522,40.032029,幸福花园,风景名胜;公园广场;公园,116.309433,40.029881,1293,1655,1324,否
海淀区上地实验小学树村校区,116.294522,40.032029,上地公园,风景名胜;公园广场;公园,116.310318,40.035061,1388,1640,1312,否
海淀区东北旺中心小学,116.278249,40.030046,药用植物园(不对外开放),风景名胜;公园广场;植物园,116.272566,40.034685,708,965,772,否
海淀区东北旺中心小学,116.278249,40.030046,百旺绿地公园,风景名胜;公园广场;公园,116.266751,40.027683,1014,1515,1212,否
海淀区东北旺中心小学,116.278249,40.030046,中国银行城市森林公园,风景名胜;公园广场;公园,116.266569,40.034426,1108,1607,1286,否
海淀区东北旺中心小学,116.278249,40.030046,厢黄旗公园-南区,风景名胜;公园广场;公园,116.292606,40.023708,1412,2153,1722,否
海淀区东北旺中心小学,116.278249,40.030046,厢黄旗公园,风景名胜;公园广场;公园,116.293169,40.022768,1507,2259,1807,否
海淀区中关村第一小学,116.322290,39.983582,院士公园,风景名胜;公园广场;公园,116.327133,39.981181,492,1023,818,是
海淀区中关村第一小学,116.322290,39.983582,中海体育公园,风景名胜;公园广场;公园,116.315203,39.986339,677,1235,988,否
海淀区中关村第一小学,116.322290,39.983582,凝聚园,风景名胜;公园广场;公园,116.332727,39.983572,890,1397,1118,否
海淀区中关村第一小学,116.322290,39.983582,海淀区中关村西区精品街区公园,风景名胜;公园广场;公园,116.310612,39.982152,1008,1739,1391,否
海淀区中关村第一小学,116.322290,39.983582,知春公园,风景名胜;公园广场;公园,116.325896,39.974074,1102,1611,1289,否
海淀区中关村第一小学（党校校区）,116.275839,40.016321,清河滨水绿廊-清河之源,风景名胜;公园广场;公园|风景名胜;风景名胜;风景名胜,116.271614,40.010245,766,983,786,否
海淀区中关村第一小学（党校校区）,116.275839,40.016321,口袋公园,风景名胜;公园广场;公园,116.266863,40.015384,772,1799,1439,否
海淀区中关村第一小学（党校校区）,116.275839,40.016321,肖家河·绿动天地,风景名胜;公园广场;公园,116.288463,40.018007,1092,1603,1282,否
海淀区中关村第一小学（党校校区）,116.275839,40.016321,水上公园(不对外开放),风景名胜;公园广场;公园,116.261701,40.020401,1288,1796,1437,否
海淀区中关村第一小学（党校校区）,116.275839,40.016321,百旺绿地公园,风景名胜;公园广场;公园,116.266751,40.027683,1483,1938,1550,否
海淀区中关村第四小学,116.339657,39.969384,顺馨园,风景名胜;公园广场;公园,116.338819,39.969219,73,58,46,是
海淀区中关村第四小学,116.339657,39.969384,大钟寺体育公园,风景名胜;公园广场;公园,116.338475,39.966210,367,411,329,是
海淀区中关村第四小学,116.339657,39.969384,躺碑庙公园,风景名胜;公园广场;公园,116.329102,39.965722,988,1238,990,否
海淀区中关村第四小学,116.339657,39.969384,双榆树公园,风景名胜;公园广场;公园,116.324810,39.970456,1272,1782,1426,否
海淀区中关村第四小学,116.339657,39.969384,北京航空航天大学学院路校区南花园,风景名胜;公园广场;公园,116.344691,39.980191,1277,1936,1549,否
海淀区五一小学,116.263370,39.901327,青塔街心广场,风景名胜;公园广场;公园,116.260386,39.892431,1022,1362,1090,否
海淀区五一小学,116.263370,39.901327,永定路街道街心公园,风景名胜;公园广场;公园,116.260050,39.912451,1270,1776,1421,否
海淀区五一小学,116.263370,39.901327,森林健身园,风景名胜;公园广场;公园,116.248084,39.899099,1328,1536,1229,否
海淀区五一小学,116.263370,39.901327,旺景公园,风景名胜;公园广场;公园,116.247465,39.900752,1359,1483,1186,否
海淀区五一小学,116.263370,39.901327,北京国际雕塑公园东区,风景名胜;公园广场;公园,116.247986,39.905970,1411,3050,2440,否
海淀区六一小学,116.287063,39.928528,八里庄休闲园-娱乐园,风景名胜;公园广场;公园,116.288031,39.929326,121,237,190,是
海淀区六一小学,116.287063,39.928528,玲珑街心公园,风景名胜;公园广场;公园,116.285752,39.926226,279,517,414,是
海淀区六一小学,116.287063,39.928528,京门铁路主题公园,风景名胜;公园广场;公园,116.288440,39.932563,464,647,518,是
海淀区六一小学,116.287063,39.928528,慧馨园,风景名胜;公园广场;公园,116.290217,39.924632,510,824,659,否
海淀区六一小学,116.287063,39.928528,玲珑塔公园,风景名胜;公园广场;公园,116.295288,39.929114,705,1138,910,否
海淀区前进小学,116.359973,39.974330,元土城遗址公园,风景名胜;公园广场;公园,116.366139,39.975799,550,680,544,否
海淀区前进小学,116.359973,39.974330,北京航空航天大学学院路校区唯实园,风景名胜;公园广场;公园,116.351288,39.978555,877,1324,1059,否
海淀区前进小学,116.359973,39.974330,北京大学学院路校区中心花园,风景名胜;公园广场;公园,116.356422,39.984139,1133,1828,1462,否
海淀区前进小学,116.359973,39.974330,北京航空航天大学学院路校区南花园,风景名胜;公园广场;公园,116.344691,39.980191,1457,1938,1550,否
海淀区前进小学,116.359973,39.974330,小公园(龙翔路),风景名胜;公园广场;公园,116.375724,39.981235,1547,2023,1618,否
海淀区双榆树中心小学,116.323555,39.968907,双榆树公园,风景名胜;公园广场;公园,116.324810,39.970456,202,262,210,是
海淀区双榆树中心小学,116.323555,39.968907,躺碑庙公园,风景名胜;公园广场;公园,116.329102,39.965722,591,844,675,否
海淀区双榆树中心小学,116.323555,39.968907,知春公园,风景名胜;公园广场;公园,116.325896,39.974074,608,765,612,否
海淀区双榆树中心小学,116.323555,39.968907,乡园,风景名胜;公园广场;公园,116.316634,39.964787,747,1248,998,否
海淀区双榆树中心小学,116.323555,39.968907,北京理工大学中心花园,风景名胜;公园广场;公园|风景名胜;风景名胜;风景名胜,116.319116,39.959538,1109,1650,1320,否
海淀区四王府小学,116.215792,39.997791,国家植物园北园-紫薇园,风景名胜;公园广场;植物园,116.215069,39.995250,289,1175,940,是
海淀区四王府小学,116.215792,39.997791,国家植物园-丰花区,风景名胜;公园广场;植物园,116.212239,39.995364,405,1399,1119,是
海淀区四王府小学,116.215792,39.997791,国家植物园,风景名胜;公园广场;植物园,116.210714,39.998036,433,602,482,是
海淀区四王府小学,116.215792,39.997791,北京植物园-藤本区,风景名胜;公园广场;植物园,116.211520,39.995297,458,850,680,是
海淀区四王府小学,116.215792,39.997791,北京植物园-桃花园,风景名胜;公园广场;植物园,116.209656,40.000137,584,805,644,否
海淀区培英小学,116.277205,39.899611,轮上公园,风景名胜;公园广场;公园,116.277100,39.908431,981,1552,1242,否
海淀区培英小学,116.277205,39.899611,五棵松奥林匹克文化公园,风景名胜;公园广场;公园,116.275228,39.911837,1371,1671,1337,否
海淀区培英小学,116.277205,39.899611,青塔街心广场,风景名胜;公园广场;公园,116.260386,39.892431,1643,2175,1740,否
海淀区培英小学,116.277205,39.899611,岳各庄城市休闲森林公园,风景名胜;公园广场;公园,116.281690,39.884443,1731,2831,2265,否
海淀区培英小学,116.277205,39.899611,生态公园,风景名胜;公园广场;公园,116.285970,39.885106,1779,3123,2498,否
海淀区实验小学（北洼路校区）,116.301066,39.941712,车道沟公园,风景名胜;公园广场;公园,116.294397,39.943911,619,1279,1023,否
海淀区实验小学（北洼路校区）,116.301066,39.941712,宝联体育公园,风景名胜;公园广场;公园,116.299036,39.936229,634,1046,837,否
海淀区实验小学（北洼路校区）,116.301066,39.941712,北洼园,风景名胜;公园广场;公园,116.304305,39.936391,653,918,734,否
海淀区实验小学（北洼路校区）,116.301066,39.941712,南长河公园,风景名胜;公园广场;公园,116.302924,39.950400,980,1673,1338,否
海淀区实验小学（北洼路校区）,116.301066,39.941712,五福玲珑公园,风景名胜;公园广场;公园,116.287733,39.940499,1145,1983,1586,否
海淀区崛起实验学校,116.293242,40.031933,厢黄旗公园-南区,风景名胜;公园广场;公园,116.292606,40.023708,917,1850,1480,否
海淀区崛起实验学校,116.293242,40.031933,厢黄旗公园,风景名胜;公园广场;公园,116.293169,40.022768,1020,1956,1565,否
海淀区崛起实验学校,116.293242,40.031933,树村公园,风景名胜;公园广场;公园,116.304488,40.026141,1155,1934,1547,否
海淀区崛起实验学校,116.293242,40.031933,幸福花园,风景名胜;公园广场;公园,116.309433,40.029881,1398,2126,1701,否
海淀区崛起实验学校,116.293242,40.031933,上地公园,风景名胜;公园广场;公园,116.310318,40.035061,1496,1945,1556,否
海淀区教师进修学校附属实验小学（西冉校区）,116.258668,39.955200,西冉城市生态公园,风景名胜;公园广场;公园,116.260262,39.953757,210,481,385,是
海淀区教师进修学校附属实验小学（西冉校区）,116.258668,39.955200,黑塔公园,风景名胜;公园广场;公园,116.244495,39.956190,1214,1657,1326,否
海淀区教师进修学校附属实验小学（西冉校区）,116.258668,39.955200,南旱河滨水绿廊,风景名胜;公园广场;公园,116.247585,39.946324,1367,1933,1546,否
海淀区教师进修学校附属实验小学（西冉校区）,116.258668,39.955200,蓝靛厂公园,风景名胜;公园广场;公园,116.276269,39.963825,1782,4473,3578,否
海淀区教师进修学校附属实验小学（西冉校区）,116.258668,39.955200,西山公园,风景名胜;公园广场;公园,116.239286,39.947119,1882,2990,2392,否
海淀区教师进修学校附属小学,116.234765,39.956182,黑塔公园,风景名胜;公园广场;公园,116.244495,39.956190,830,1227,982,否
海淀区教师进修学校附属小学,116.234765,39.956182,西山公园,风景名胜;公园广场;公园,116.239286,39.947119,1080,1539,1231,否
海淀区教师进修学校附属小学,116.234765,39.956182,平庄郊野公园,风景名胜;公园广场;公园,116.241051,39.944446,1412,1789,1431,否
海淀区教师进修学校附属小学,116.234765,39.956182,南旱河滨水绿廊,风景名胜;公园广场;公园,116.247585,39.946324,1549,1828,1462,否
海淀区教师进修学校附属小学,116.234765,39.956182,南岸休闲公园,风景名胜;公园广场;公园,116.227605,39.940354,1864,2216,1773,否
海淀区永丰中心小学,116.242091,40.067635,丰滢公园,风景名胜;公园广场;公园,116.249486,40.072213,810,1385,1108,否
海淀区永丰中心小学,116.242091,40.067635,永丰公园,风景名胜;公园广场;公园,116.231476,40.069502,927,1522,1218,否
海淀区永丰中心小学,116.242091,40.067635,悦康公园,风景名胜;公园广场;公园,116.236806,40.082608,1726,2478,1982,否
海淀区永丰中心小学,116.242091,40.067635,航天湖公园,风景名胜;公园广场;公园,116.263445,40.070757,1852,3299,2639,否
海淀区永丰中心小学,116.242091,40.067635,五一渠生态滨河公园,风景名胜;公园广场;公园,116.253315,40.052800,1908,2499,1999,否
海淀区清河第四小学,116.371505,40.065446,翡丽公园,风景名胜;公园广场;公园,116.370392,40.065694,98,193,154,是
海淀区清河第四小学,116.371505,40.065446,新都公园,风景名胜;公园广场;公园,116.366178,40.063263,514,602,482,否
海淀区清河第四小学,116.371505,40.065446,奥北中央公园,风景名胜;公园广场;公园,116.388498,40.067420,1464,1710,1368,否
海淀区清河第四小学,116.371505,40.065446,新康园社区口袋公园,风景名胜;公园广场;公园,116.350916,40.065250,1754,2336,1869,否
海淀区清河第四小学,116.371505,40.065446,贺新公园,风景名胜;公园广场;公园,116.390450,40.057379,1847,2657,2126,否
海淀区科技园小学大牛坊校区,116.240537,40.067330,永丰公园,风景名胜;公园广场;公园,116.231476,40.069502,808,1356,1085,否
海淀区科技园小学大牛坊校区,116.240537,40.067330,丰滢公园,风景名胜;公园广场;公园,116.249486,40.072213,936,1493,1194,否
海淀区科技园小学大牛坊校区,116.240537,40.067330,悦康公园,风景名胜;公园广场;公园,116.236806,40.082608,1730,2586,2069,否
海淀区科技园小学大牛坊校区,116.240537,40.067330,五一渠生态滨河公园,风景名胜;公园广场;公园,116.253315,40.052800,1949,2607,2086,否
海淀区科技园小学大牛坊校区,116.240537,40.067330,航天湖公园,风景名胜;公园广场;公园,116.263445,40.070757,1988,3410,2728,否
海淀区科技园小学（西玉河校区）,116.237922,40.095421,玉河湿地公园,风景名胜;公园广场;公园,116.239230,40.095837,120,274,219,是
海淀区科技园小学（西玉河校区）,116.237922,40.095421,西玉河雨水湿地公园,风景名胜;公园广场;公园,116.239222,40.095853,120,274,219,是
海淀区科技园小学（西玉河校区）,116.237922,40.095421,上庄镇法治公园,风景名胜;公园广场;公园,116.226785,40.102269,1216,4452,3562,否
海淀区科技园小学（西玉河校区）,116.237922,40.095421,北京亿城大学花草公园,风景名胜;公园广场;公园,116.240280,40.106663,1267,3184,2547,否
海淀区科技园小学（西玉河校区）,116.237922,40.095421,西北旺公园,风景名胜;公园广场;公园,116.253223,40.100362,1414,1478,1182,否
海淀区第二实验小学（当代校区）,116.318175,40.043956,安宁庄公园,风景名胜;公园广场;公园,116.320711,40.049636,668,1087,870,否
海淀区第二实验小学（当代校区）,116.318175,40.043956,快乐成长家庭人口文化园,风景名胜;公园广场;公园,116.309559,40.050644,1045,1869,1495,否
海淀区第二实验小学（当代校区）,116.318175,40.043956,美和园公园,风景名胜;公园广场;公园,116.323264,40.035240,1062,1569,1255,否
海淀区第二实验小学（当代校区）,116.318175,40.043956,上地公园,风景名胜;公园广场;公园,116.310318,40.035061,1195,1849,1479,否
海淀区第二实验小学（当代校区）,116.318175,40.043956,爱之园,风景名胜;公园广场;公园,116.320138,40.030581,1498,2325,1860,否
海淀区第四实验小学,116.210356,39.971946,梵香公园,风景名胜;公园广场;公园,116.207911,39.979681,885,1097,878,否
海淀区第四实验小学,116.210356,39.971946,南旱河公园,风景名胜;公园广场;公园,116.220886,39.973419,913,1524,1219,否
海淀区第四实验小学,116.210356,39.971946,丹青圃公园,风景名胜;公园广场;公园,116.226989,39.975329,1468,2176,1741,否
海淀区第四实验小学,116.210356,39.971946,国家植物园(南园)农事体验园,风景名胜;公园广场;植物园,116.215881,39.987427,1786,2942,2354,否
海淀区第四实验小学,116.210356,39.971946,国家植物园南园-裸子植物区,风景名胜;公园广场;植物园,116.216239,39.988509,1910,2940,2352,否
海淀区翠微小学（东校区）,116.313040,39.911041,儿童科学公园,风景名胜;公园广场;公园,116.311018,39.913670,339,447,358,是
海淀区翠微小学（东校区）,116.313040,39.911041,小天鹅公园,风景名胜;公园广场;公园,116.309335,39.913179,395,471,377,是
海淀区翠微小学（东校区）,116.313040,39.911041,中华世纪坛公园,风景名胜;公园广场;公园,116.321438,39.912497,735,1022,818,否
海淀区翠微小学（东校区）,116.313040,39.911041,玉渊潭牡丹园,风景名胜;公园广场;公园,116.320914,39.914138,755,1251,1001,否
海淀区翠微小学（东校区）,116.313040,39.911041,玉渊潭公园-樱落花谷,风景名胜;公园广场;公园,116.321175,39.914275,782,1164,931,否
海淀区翠微小学（北校区）,116.160566,40.054144,温泉村党建主题公园,风景名胜;公园广场;公园,116.156661,40.053919,333,678,542,是
海淀区翠微小学（北校区）,116.160566,40.054144,公园,风景名胜;公园广场;公园,116.165337,40.060621,827,1340,1072,否
海淀区翠微小学（北校区）,116.160566,40.054144,温泉公园3期,风景名胜;公园广场;公园,116.172660,40.051394,1075,1343,1074,否
海淀区翠微小学（北校区）,116.160566,40.054144,温泉冰雪体育公园(暂停开放),风景名胜;公园广场;公园,116.161471,40.042123,1340,1607,1286,否
海淀区翠微小学（北校区）,116.160566,40.054144,温泉宝盛公园,风景名胜;公园广场;公园,116.175093,40.048134,1407,1650,1320,否
海淀区花园村第二小学,116.318663,39.931298,阜成路口袋公园,风景名胜;公园广场;公园,116.321550,39.924017,847,975,780,否
海淀区花园村第二小学,116.318663,39.931298,紫竹院公园,风景名胜;公园广场;公园,116.319079,39.942352,1231,1787,1430,否
海淀区花园村第二小学,116.318663,39.931298,北洼园,风景名胜;公园广场;公园,116.304305,39.936391,1350,1926,1541,否
海淀区花园村第二小学,116.318663,39.931298,诗情画意文化广场,风景名胜;公园广场;公园,116.311588,39.919281,1467,2216,1773,否
海淀区花园村第二小学,116.318663,39.931298,中塔公园,风景名胜;公园广场;公园,116.308096,39.920538,1499,2262,1810,否
清华大学附属中学上地小学,116.321647,40.016757,荷清园,风景名胜;公园广场;公园,116.325404,40.015724,340,518,414,是
清华大学附属中学上地小学,116.321647,40.016757,北京体育大学-冠军园,风景名胜;公园广场;公园,116.317564,40.021331,616,907,726,否
清华大学附属中学上地小学,116.321647,40.016757,东升八家郊野公园-西区,风景名胜;公园广场;公园,116.333834,40.018488,1056,3631,2905,否
清华大学附属中学上地小学,116.321647,40.016757,清华大学花房,风景名胜;公园广场;植物园,116.321106,40.007092,1076,2297,1838,否
清华大学附属中学上地小学,116.321647,40.016757,东升八家郊野公园南区,风景名胜;公园广场;公园,116.336020,40.014339,1254,3039,2431,否
清华大学附属小学,116.323078,39.995705,清华大学绿园,风景名胜;公园广场;公园,116.318125,40.000783,705,952,762,否
清华大学附属小学,116.323078,39.995705,西水磨公园,风景名胜;公园广场;公园,116.314455,40.003106,1104,1825,1460,否
清华大学附属小学,116.323078,39.995705,北京大学朗润园,风景名胜;公园广场;公园,116.309887,39.998030,1154,2172,1738,否
清华大学附属小学,116.323078,39.995705,中海体育公园,风景名胜;公园广场;公园,116.315203,39.986339,1240,1803,1442,否
清华大学附属小学,116.323078,39.995705,清华大学花房,风景名胜;公园广场;植物园,116.321106,40.007092,1278,1414,1131,否
清华大学附属小学双清苑校区,116.341636,40.010075,逸成体育公园,风景名胜;公园广场;公园,116.345283,40.013625,502,583,466,否
清华大学附属小学双清苑校区,116.341636,40.010075,东升八家郊野公园南区,风景名胜;公园广场;公园,116.336020,40.014339,674,1300,1040,否
清华大学附属小学双清苑校区,116.341636,40.010075,八家口袋公园,风景名胜;公园广场;公园,116.345353,40.018421,981,1158,926,否
清华大学附属小学双清苑校区,116.341636,40.010075,东升八家郊野公园,风景名胜;公园广场;公园,116.336864,40.019354,1110,1625,1300,否
清华大学附属小学双清苑校区,116.341636,40.010075,互动轨道花园,风景名胜;公园广场;公园,116.337828,40.000202,1146,1236,989,否
首都师范大学附属育新学校小学部,116.346589,40.057842,南店公园,风景名胜;公园广场;公园,116.338816,40.063087,882,1303,1042,否
首都师范大学附属育新学校小学部,116.346589,40.057842,新康园社区口袋公园,风景名胜;公园广场;公园,116.350916,40.065250,903,1149,919,否
首都师范大学附属育新学校小学部,116.346589,40.057842,小营公园,风景名胜;公园广场;公园,116.347323,40.043283,1621,2392,1914,否
首都师范大学附属育新学校小学部,116.346589,40.057842,西三旗绿色海岸,风景名胜;公园广场;公园,116.338428,40.043836,1707,2580,2064,否
首都师范大学附属育新学校小学部,116.346589,40.057842,龙域休闲公园,风景名胜;公园广场;公园,116.325832,40.057725,1768,2340,1872,否
中关村第一小学（天秀校区）,116.278907,40.019992,肖家河·绿动天地,风景名胜;公园广场;公园,116.288463,40.018007,844,1404,1123,否
中关村第一小学（天秀校区）,116.278907,40.019992,口袋公园,风景名胜;公园广场;公园,116.266863,40.015384,1147,1770,1416,否
中关村第一小学（天秀校区）,116.278907,40.019992,厢黄旗公园-南区,风景名胜;公园广场;公园,116.292606,40.023708,1239,1559,1247,否
中关村第一小学（天秀校区）,116.278907,40.019992,清河滨水绿廊-清河之源,风景名胜;公园广场;公园|风景名胜;风景名胜;风景名胜,116.271614,40.010245,1250,1624,1299,否
中关村第一小学（天秀校区）,116.278907,40.019992,厢黄旗公园,风景名胜;公园广场;公园,116.293169,40.022768,1254,1665,1332,否
中关村第二小学科学城北区分校,116.283941,40.067041,雨水湿地,风景名胜;公园广场;公园,116.282719,40.063156,444,651,521,是
中关村第二小学科学城北区分校,116.283941,40.067041,西里北部后厂村公园,风景名胜;公园广场;公园,116.294094,40.066768,865,1364,1091,否
中关村第二小学科学城北区分校,116.283941,40.067041,壹米童趣公园,风景名胜;公园广场;公园,116.290664,40.060085,963,1289,1031,否
中关村第二小学科学城北区分校,116.283941,40.067041,中关村公园西区,风景名胜;公园广场;公园,116.267958,40.058988,1630,1780,1424,否
中关村第二小学科学城北区分校,116.283941,40.067041,龙域社区公园,风景名胜;公园广场;公园,116.304097,40.062914,1777,4235,3388,否
中国人民大学附属小学亮甲店分校（东校区）,116.278568,39.929583,玲珑街心公园,风景名胜;公园广场;公园,116.285752,39.926226,718,964,771,否
中国人民大学附属小学亮甲店分校（东校区）,116.278568,39.929583,西木休闲公园,风景名胜;公园广场;公园,116.270248,39.932183,766,1057,846,否
中国人民大学附属小学亮甲店分校（东校区）,116.278568,39.929583,八里庄休闲园-娱乐园,风景名胜;公园广场;公园,116.288031,39.929326,808,1260,1008,否
中国人民大学附属小学亮甲店分校（东校区）,116.278568,39.929583,京门铁路主题公园,风景名胜;公园广场;公园,116.288440,39.932563,905,1306,1045,否
中国人民大学附属小学亮甲店分校（东校区）,116.278568,39.929583,永建公园,风景名胜;公园广场;公园,116.270185,39.923049,1020,1350,1080,否
中国农业科学院附属小学（学院南路校区）,116.337077,39.960001,铁科院宿舍区中心花园,风景名胜;公园广场;公园,116.342474,39.956124,631,730,584,否
中国农业科学院附属小学（学院南路校区）,116.337077,39.960001,大钟寺体育公园,风景名胜;公园广场;公园,116.338475,39.966210,701,933,746,否
中国农业科学院附属小学（学院南路校区）,116.337077,39.960001,躺碑庙公园,风景名胜;公园广场;公园,116.329102,39.965722,931,1525,1220,否
中国农业科学院附属小学（学院南路校区）,116.337077,39.960001,顺馨园,风景名胜;公园广场;公园,116.338819,39.969219,1036,1292,1034,否
中国农业科学院附属小学（学院南路校区）,116.337077,39.960001,北京交通大学劳动花园,风景名胜;公园广场;公园,116.340985,39.950822,1074,1673,1338,否
五一小学(欧洲公馆校区),116.258444,39.916061,阳光星期八公园,风景名胜;公园广场;公园,116.254489,39.916142,337,552,442,是
五一小学(欧洲公馆校区),116.258444,39.916061,永定路街道街心公园,风景名胜;公园广场;公园,116.260050,39.912451,424,562,450,是
五一小学(欧洲公馆校区),116.258444,39.916061,阜石路南侧绿地公园西区,风景名胜;公园广场;公园,116.256620,39.924045,902,1513,1210,否
五一小学(欧洲公馆校区),116.258444,39.916061,永建公园,风景名胜;公园广场;公园,116.270185,39.923049,1268,2061,1649,否
五一小学(欧洲公馆校区),116.258444,39.916061,北京国际雕塑公园东区,风景名胜;公园广场;公园,116.247986,39.905970,1435,3121,2497,否
北京市八一学校小学部,116.307864,39.978028,海淀区中关村西区精品街区公园,风景名胜;公园广场;公园,116.310612,39.982152,515,718,574,否
北京市八一学校小学部,116.307864,39.978028,中国人民大学中关村校区桃李园,风景名胜;公园广场;公园,116.310031,39.972052,690,1165,932,否
北京市八一学校小学部,116.307864,39.978028,中国人民大学中关村校区牡丹苑,风景名胜;公园广场;公园,116.310732,39.971517,764,1227,982,否
北京市八一学校小学部,116.307864,39.978028,万泉河路红领巾街心花园,风景名胜;公园广场;公园,116.306057,39.970948,803,1099,879,否
北京市八一学校小学部,116.307864,39.978028,中海体育公园,风景名胜;公园广场;公园,116.315203,39.986339,1117,1565,1252,否
北京市海淀区台头小学,116.116220,40.105667,公共文化公园,风景名胜;公园广场;公园,116.137869,40.106558,1845,3181,2545,否
北京市海淀区台头小学,116.116220,40.105667,同泽春园,风景名胜;公园广场;公园,116.141761,40.103154,2192,3123,2498,否
北京市海淀区台头小学,116.116220,40.105667,阳坊劳动公园,风景名胜;公园广场;公园,116.127336,40.125393,2391,2854,2283,否
北京建筑大学附属小学,116.336323,39.935381,五塔寺公园,风景名胜;公园广场;公园,116.329587,39.943299,1052,2036,1629,否
北京建筑大学附属小学,116.336323,39.935381,南长河公园,风景名胜;公园广场;公园,116.350912,39.943514,1539,2027,1622,否
北京建筑大学附属小学,116.336323,39.935381,北营房城市森林公园,风景名胜;公园广场;公园,116.348483,39.924000,1637,2293,1834,否
北京建筑大学附属小学,116.336323,39.935381,紫竹院公园,风景名胜;公园广场;公园,116.319079,39.942352,1663,2136,1709,否
北京建筑大学附属小学,116.336323,39.935381,北京交通大学劳动花园,风景名胜;公园广场;公园,116.340985,39.950822,1764,3401,2721,否
北京理工大学附属小学,116.309196,39.961754,乡园,风景名胜;公园广场;公园,116.316634,39.964787,718,1271,1017,否
北京理工大学附属小学,116.309196,39.961754,中欧友谊花园,风景名胜;公园广场;公园,116.309964,39.953942,872,1240,992,否
北京理工大学附属小学,116.309196,39.961754,北京理工大学中关村校区中心公园,风景名胜;公园广场;公园,116.319043,39.959464,878,1298,1038,否
北京理工大学附属小学,116.309196,39.961754,北京理工大学中心花园,风景名胜;公园广场;公园|风景名胜;风景名胜;风景名胜,116.319116,39.959538,881,1289,1031,否
北京理工大学附属小学,116.309196,39.961754,万泉河路红领巾街心花园,风景名胜;公园广场;公园,116.306057,39.970948,1057,1314,1051,否
海淀区中关村第二小学华清校区,116.333807,39.990721,京张铁路遗址公园,风景名胜;公园广场;公园,116.338277,39.991769,398,646,517,是
海淀区中关村第二小学华清校区,116.333807,39.990721,凝聚园,风景名胜;公园广场;公园,116.332727,39.983572,801,1015,812,否
海淀区中关村第二小学华清校区,116.333807,39.990721,京张铁路遗址公园一期C区,风景名胜;公园广场;公园,116.339653,39.984760,830,1224,979,否
海淀区中关村第二小学华清校区,116.333807,39.990721,京张铁路遗址公园一期,风景名胜;公园广场;公园,116.339985,39.982588,1047,1305,1044,否
海淀区中关村第二小学华清校区,116.333807,39.990721,互动轨道花园,风景名胜;公园广场;公园,116.337828,40.000202,1109,1262,1010,否
海淀区星火小学,116.366960,39.953309,老舍公园,风景名胜;公园广场;公园,116.366573,39.950771,284,479,383,是
海淀区星火小学,116.366960,39.953309,安康园,风景名胜;公园广场;公园,116.375641,39.952230,750,1212,970,否
海淀区星火小学,116.366960,39.953309,美丽北太,风景名胜;公园广场;公园,116.356421,39.951799,914,1031,825,否
海淀区星火小学,116.366960,39.953309,新街口城市森林公园,风景名胜;公园广场;公园,116.371783,39.941353,1393,1848,1478,否
海淀区星火小学,116.366960,39.953309,德胜公园,风景名胜;公园广场;公园,116.382413,39.948445,1425,1978,1582,否
海淀区民族小学（北校区）,116.374100,39.979995,小公园(龙翔路),风景名胜;公园广场;公园,116.375724,39.981235,195,347,278,是
海淀区民族小学（北校区）,116.374100,39.979995,祁家豁子城市森林公园,风景名胜;公园广场;公园,116.379037,39.982406,499,808,646,是
海淀区民族小学（北校区）,116.374100,39.979995,北极寺公园,风景名胜;公园广场;公园,116.377065,39.985717,685,1360,1088,否
海淀区民族小学（北校区）,116.374100,39.979995,元土城遗址公园,风景名胜;公园广场;公园,116.366139,39.975799,824,1274,1019,否
海淀区民族小学（北校区）,116.374100,39.979995,马甸公园儿童区,风景名胜;公园广场;公园,116.379766,39.973625,858,1535,1228,否
海淀区民族小学（南校区）,116.376189,39.972505,马甸公园儿童区,风景名胜;公园广场;公园,116.379766,39.973625,329,518,414,是
海淀区民族小学（南校区）,116.376189,39.972505,玫瑰公园,风景名胜;公园广场;公园,116.381903,39.970333,544,1089,871,否
海淀区民族小学（南校区）,116.376189,39.972505,双秀公园,风景名胜;公园广场;公园,116.374824,39.966275,703,1103,882,否
海淀区民族小学（南校区）,116.376189,39.972505,元土城遗址公园,风景名胜;公园广场;公园,116.366139,39.975799,932,1694,1355,否
海淀区民族小学（南校区）,116.376189,39.972505,小公园(龙翔路),风景名胜;公园广场;公园,116.375724,39.981235,972,1522,1218,否
海淀区第三实验小学（南校区）,116.344147,39.991419,樱花园,风景名胜;公园广场;公园,116.346506,39.993888,340,855,684,是
海淀区第三实验小学（南校区）,116.344147,39.991419,京张铁路遗址公园,风景名胜;公园广场;公园,116.338277,39.991769,502,799,639,否
海淀区第三实验小学（南校区）,116.344147,39.991419,京张铁路遗址公园一期C区,风景名胜;公园广场;公园,116.339653,39.984760,834,1471,1177,否
海淀区第三实验小学（南校区）,116.344147,39.991419,北语万国驿文明互鉴列车主题文化公园,风景名胜;公园广场;公园,116.352732,39.995278,848,1258,1006,否
海淀区第三实验小学（南校区）,116.344147,39.991419,北京航空航天大学学院路校区绿园,风景名胜;公园广场;公园,116.346097,39.983883,855,1959,1567,否
海淀区第二实验小学（清宁校区）,116.335064,40.041478,碧水风荷公园,风景名胜;公园广场;公园,116.338535,40.039813,349,1261,1009,是
海淀区第二实验小学（清宁校区）,116.335064,40.041478,西三旗绿色海岸,风景名胜;公园广场;公园,116.338428,40.043836,388,1845,1476,是
海淀区第二实验小学（清宁校区）,116.335064,40.041478,清河翠谷,风景名胜;公园广场;公园,116.342376,40.036698,819,1409,1127,否
海淀区第二实验小学（清宁校区）,116.335064,40.041478,清河燕清体育文化公园,风景名胜;公园广场;公园,116.338954,40.034543,840,1164,931,否
海淀区第二实验小学（清宁校区）,116.335064,40.041478,街心公园,风景名胜;公园广场;公园,116.332721,40.034093,846,1393,1114,否
海淀区翠微小学（白家疃校区）,116.175367,40.041421,温泉镇街角公园,风景名胜;公园广场;公园,116.177937,40.046681,625,1283,1026,否
海淀区翠微小学（白家疃校区）,116.175367,40.041421,白家疃公园,风景名胜;公园广场;公园,116.183093,40.044563,745,1030,824,否
海淀区翠微小学（白家疃校区）,116.175367,40.041421,温泉宝盛公园,风景名胜;公园广场;公园,116.175093,40.048134,747,963,770,否
海淀区翠微小学（白家疃校区）,116.175367,40.041421,温泉儿童生态体验园,风景名胜;公园广场;公园,116.186779,40.042394,978,1325,1060,否
海淀区翠微小学（白家疃校区）,116.175367,40.041421,白家疃景观休闲园,风景名胜;公园广场;公园,116.176742,40.032372,1014,1272,1018,否
海淀区西苑小学,116.293648,39.992682,亮丽园,风景名胜;公园广场;公园,116.292820,39.997167,504,731,585,否
海淀区西苑小学,116.293648,39.992682,AI未来公园,风景名胜;公园广场;公园,116.295218,39.986945,652,1266,1013,否
海淀区西苑小学,116.293648,39.992682,海淀公园,风景名胜;公园广场;公园,116.295122,39.986416,708,1309,1047,否
海淀区西苑小学,116.293648,39.992682,一亩园公园,风景名胜;公园广场;公园,116.295340,39.999459,768,1023,818,否
海淀区西苑小学,116.293648,39.992682,海淀公园(西南门),风景名胜;公园广场;公园,116.291817,39.983903,989,1397,1118,否
海淀区西颐小学,116.313115,39.965102,乡园,风景名胜;公园广场;公园,116.316634,39.964787,302,969,775,是
海淀区西颐小学,116.313115,39.965102,中国人民大学中关村校区牡丹苑,风景名胜;公园广场;公园,116.310732,39.971517,742,1647,1318,否
海淀区西颐小学,116.313115,39.965102,北京理工大学中心花园,风景名胜;公园广场;公园|风景名胜;风景名胜;风景名胜,116.319116,39.959538,803,1403,1122,否
海淀区西颐小学,116.313115,39.965102,北京理工大学中关村校区中心公园,风景名胜;公园广场;公园,116.319043,39.959464,806,1412,1130,否
海淀区西颐小学,116.313115,39.965102,中国人民大学中关村校区桃李园,风景名胜;公园广场;公园,116.310031,39.972052,817,1709,1367,否
首都师范大学附属小学,116.270987,39.942124,美丽园小区公园,风景名胜;公园广场;公园,116.279898,39.939100,831,1359,1087,否
首都师范大学附属小学,116.270987,39.942124,西木休闲公园,风景名胜;公园广场;公园,116.270248,39.932183,1108,1524,1219,否
首都师范大学附属小学,116.270987,39.942124,五福玲珑公园,风景名胜;公园广场;公园,116.287733,39.940499,1440,1953,1562,否
首都师范大学附属小学,116.270987,39.942124,西冉城市生态公园,风景名胜;公园广场;公园,116.260262,39.953757,1585,2429,1943,否
首都师范大学附属小学,116.270987,39.942124,口袋公园,风景名胜;公园广场;公园,116.260047,39.929446,1692,2504,2003,否
中关村第一小学西二旗分校,116.310869,40.050128,快乐成长家庭人口文化园,风景名胜;公园广场;公园,116.309559,40.050644,125,358,286,是
中关村第一小学西二旗分校,116.310869,40.050128,安宁庄公园,风景名胜;公园广场;公园,116.320711,40.049636,840,1136,909,否
中关村第一小学西二旗分校,116.310869,40.050128,龙域休闲公园,风景名胜;公园广场;公园,116.325832,40.057725,1529,1834,1467,否
中关村第一小学西二旗分校,116.310869,40.050128,龙域社区公园,风景名胜;公园广场;公园,116.304097,40.062914,1535,1901,1521,否
中关村第一小学西二旗分校,116.310869,40.050128,上地公园,风景名胜;公园广场;公园,116.310318,40.035061,1677,2686,2149,否
中国人民大学附属小学,116.277947,39.965328,融乐公园,风景名胜;公园广场;公园,116.278086,39.964165,129,206,165,是
中国人民大学附属小学,116.277947,39.965328,融乐公园-曙光文化广场公园,风景名胜;公园广场;公园,116.278713,39.964214,140,270,216,是
中国人民大学附属小学,116.277947,39.965328,蓝靛厂公园,风景名胜;公园广场;公园,116.276269,39.963825,220,271,217,是
中国人民大学附属小学,116.277947,39.965328,四季青公园,风景名胜;公园广场;公园,116.286969,39.968545,848,1193,954,否
中国人民大学附属小学,116.277947,39.965328,金源娱乐园,风景名胜;公园广场;公园,116.289666,39.964430,1004,1420,1136,否
中国人民大学附属小学亮甲店分校（西校区）,116.272415,39.933084,西木休闲公园,风景名胜;公园广场;公园,116.270248,39.932183,210,395,316,是
中国人民大学附属小学亮甲店分校（西校区）,116.272415,39.933084,美丽园小区公园,风景名胜;公园广场;公园,116.279898,39.939100,925,1354,1083,否
中国人民大学附属小学亮甲店分校（西校区）,116.272415,39.933084,口袋公园,风景名胜;公园广场;公园,116.260047,39.929446,1130,2003,1602,否
中国人民大学附属小学亮甲店分校（西校区）,116.272415,39.933084,永建公园,风景名胜;公园广场;公园,116.270185,39.923049,1133,1663,1330,否
中国人民大学附属小学亮甲店分校（西校区）,116.272415,39.933084,京门铁路主题公园,风景名胜;公园广场;公园,116.288440,39.932563,1369,1592,1274,否
中国农业大学附属实验小学,116.353544,40.003487,清华东路带状公园,风景名胜;公园广场;公园,116.346842,40.000486,661,911,729,否
中国农业大学附属实验小学,116.353544,40.003487,清华东路带状公园-东王庄小区公园,风景名胜;公园广场;公园,116.346826,40.000503,662,910,728,否
中国农业大学附属实验小学,116.353544,40.003487,北语万国驿文明互鉴列车主题文化公园,风景名胜;公园广场;公园,116.352732,39.995278,916,984,787,否
中国农业大学附属实验小学,116.353544,40.003487,青年园,风景名胜;公园广场;公园,116.360903,39.996100,1034,1575,1260,否
中国农业大学附属实验小学,116.353544,40.003487,喜鹊山公园,风景名胜;公园广场;公园,116.356594,40.014039,1203,1722,1378,否
中国农业科学院附属小学（农科院校区）,116.328527,39.957735,北京理工大学中心花园,风景名胜;公园广场;公园|风景名胜;风景名胜;风景名胜,116.319116,39.959538,827,1058,846,否
中国农业科学院附属小学（农科院校区）,116.328527,39.957735,北京理工大学中关村校区中心公园,风景名胜;公园广场;公园,116.319043,39.959464,831,1050,840,否
中国农业科学院附属小学（农科院校区）,116.328527,39.957735,躺碑庙公园,风景名胜;公园广场;公园,116.329102,39.965722,890,1282,1026,否
中国农业科学院附属小学（农科院校区）,116.328527,39.957735,铁科院宿舍区中心花园,风景名胜;公园广场;公园,116.342474,39.956124,1203,1470,1176,否
中国农业科学院附属小学（农科院校区）,116.328527,39.957735,大钟寺体育公园,风景名胜;公园广场;公园,116.338475,39.966210,1269,1990,1592,否
北京交通大学附属小学（北校区）,116.342287,39.953910,铁科院宿舍区中心花园,风景名胜;公园广场;公园,116.342474,39.956124,247,1277,1022,是
北京交通大学附属小学（北校区）,116.342287,39.953910,北京交通大学芳华园,风景名胜;公园广场;公园,116.343578,39.951291,311,617,494,是
北京交通大学附属小学（北校区）,116.342287,39.953910,北京交通大学劳动花园,风景名胜;公园广场;公园,116.340985,39.950822,361,502,402,是
北京交通大学附属小学（北校区）,116.342287,39.953910,美丽北太,风景名胜;公园广场;公园,116.356421,39.951799,1228,2416,1933,否
北京交通大学附属小学（北校区）,116.342287,39.953910,南长河公园,风景名胜;公园广场;公园,116.350912,39.943514,1371,1773,1418,否
北京医科大学附属小学（花园路校区）,116.364053,39.985232,北京大学学院路校区中心花园,风景名胜;公园广场;公园,116.356422,39.984139,662,1715,1372,否
北京医科大学附属小学（花园路校区）,116.364053,39.985232,元土城遗址公园,风景名胜;公园广场;公园,116.366139,39.975799,1065,1220,976,否
北京医科大学附属小学（花园路校区）,116.364053,39.985232,小公园(龙翔路),风景名胜;公园广场;公园,116.375724,39.981235,1090,1570,1256,否
北京医科大学附属小学（花园路校区）,116.364053,39.985232,北极寺公园,风景名胜;公园广场;公园,116.377065,39.985717,1111,1883,1506,否
北京医科大学附属小学（花园路校区）,116.364053,39.985232,青年园,风景名胜;公园广场;公园,116.360903,39.996100,1239,1693,1354,否
北京外国语大学附属小学（魏公村校区）,116.317908,39.953607,文园(民族大学西路),风景名胜;公园广场;公园,116.315518,39.949635,486,586,469,是
北京外国语大学附属小学（魏公村校区）,116.317908,39.953607,北京理工大学中关村校区中心公园,风景名胜;公园广场;公园,116.319043,39.959464,659,1069,855,否
北京外国语大学附属小学（魏公村校区）,116.317908,39.953607,北京理工大学中心花园,风景名胜;公园广场;公园|风景名胜;风景名胜;风景名胜,116.319116,39.959538,668,1077,862,否
北京外国语大学附属小学（魏公村校区）,116.317908,39.953607,中欧友谊花园,风景名胜;公园广场;公园,116.309964,39.953942,678,1390,1112,否
北京外国语大学附属小学（魏公村校区）,116.317908,39.953607,乡园,风景名胜;公园广场;公园,116.316634,39.964787,1249,2244,1795,否
北京大学附属小学（肖家河分校）,116.288057,40.020662,肖家河·绿动天地,风景名胜;公园广场;公园,116.288463,40.018007,297,564,451,是
北京大学附属小学（肖家河分校）,116.288057,40.020662,厢黄旗公园,风景名胜;公园广场;公园,116.293169,40.022768,494,1177,942,是
北京大学附属小学（肖家河分校）,116.288057,40.020662,厢黄旗公园-南区,风景名胜;公园广场;公园,116.292606,40.023708,515,1283,1026,否
北京大学附属小学（肖家河分校）,116.288057,40.020662,肖家河公园,风景名胜;公园广场;公园,116.296949,40.016448,891,3085,2468,否
北京大学附属小学（肖家河分校）,116.288057,40.020662,清河滨水绿廊,风景名胜;公园广场;公园,116.303850,40.017261,1398,3190,2552,否
北京市海淀区万泉小学（北校区）,116.302029,39.970449,万泉河路红领巾街心花园,风景名胜;公园广场;公园,116.306057,39.970948,348,867,694,是
北京市海淀区万泉小学（北校区）,116.302029,39.970449,中国人民大学中关村校区桃李园,风景名胜;公园广场;公园,116.310031,39.972052,705,1432,1146,否
北京市海淀区万泉小学（北校区）,116.302029,39.970449,中国人民大学中关村校区牡丹苑,风景名胜;公园广场;公园,116.310732,39.971517,751,1370,1096,否
北京市海淀区万泉小学（北校区）,116.302029,39.970449,长春健身园,风景名胜;公园广场;公园,116.292310,39.964813,1039,1435,1148,否
北京市海淀区万泉小学（北校区）,116.302029,39.970449,金源娱乐园,风景名胜;公园广场;公园,116.289666,39.964430,1249,2668,2134,否
北京石油学院附属小学,116.363661,39.995047,青年园,风景名胜;公园广场;公园,116.360903,39.996100,262,322,258,是
北京石油学院附属小学,116.363661,39.995047,塔院城市森林公园,风景名胜;公园广场;公园,116.373559,39.994833,844,1173,938,否
北京石油学院附属小学,116.363661,39.995047,北语万国驿文明互鉴列车主题文化公园,风景名胜;公园广场;公园,116.352732,39.995278,932,1578,1262,否
北京石油学院附属小学,116.363661,39.995047,绿影园,风景名胜;公园广场;公园,116.378047,40.000094,1349,2223,1778,否
北京石油学院附属小学,116.363661,39.995047,北京大学学院路校区中心花园,风景名胜;公园广场;公园,116.356422,39.984139,1362,2607,2086,否
北京石油学院附属小学（东校区）,116.367873,39.996296,塔院城市森林公园,风景名胜;公园广场;公园,116.373559,39.994833,511,820,656,否
北京石油学院附属小学（东校区）,116.367873,39.996296,青年园,风景名胜;公园广场;公园,116.360903,39.996100,594,810,648,否
北京石油学院附属小学（东校区）,116.367873,39.996296,绿影园,风景名胜;公园广场;公园,116.378047,40.000094,965,1829,1463,否
北京石油学院附属小学（东校区）,116.367873,39.996296,北语万国驿文明互鉴列车主题文化公园,风景名胜;公园广场;公园,116.352732,39.995278,1296,1747,1398,否
北京石油学院附属小学（东校区）,116.367873,39.996296,北极寺公园,风景名胜;公园广场;公园,116.377065,39.985717,1414,2328,1862,否
北京邮电大学附属小学（明光村校区）,116.353549,39.955170,美丽北太,风景名胜;公园广场;公园,116.356421,39.951799,448,608,486,是
北京邮电大学附属小学（明光村校区）,116.353549,39.955170,铁科院宿舍区中心花园,风景名胜;公园广场;公园,116.342474,39.956124,950,1590,1272,否
北京邮电大学附属小学（明光村校区）,116.353549,39.955170,北京交通大学芳华园,风景名胜;公园广场;公园,116.343578,39.951291,954,2107,1686,否
北京邮电大学附属小学（明光村校区）,116.353549,39.955170,北京交通大学劳动花园,风景名胜;公园广场;公园,116.340985,39.950822,1176,2264,1811,否
北京邮电大学附属小学（明光村校区）,116.353549,39.955170,老舍公园,风景名胜;公园广场;公园,116.366573,39.950771,1214,1641,1313,否
北师大实验小学,116.368558,39.963230,双秀公园,风景名胜;公园广场;公园,116.374824,39.966275,633,1490,1192,否
北师大实验小学,116.368558,39.963230,安康园,风景名胜;公园广场;公园,116.375641,39.952230,1365,1950,1560,否
北师大实验小学,116.368558,39.963230,玫瑰公园,风景名胜;公园广场;公园,116.381903,39.970333,1386,2232,1786,否
北师大实验小学,116.368558,39.963230,老舍公园,风景名胜;公园广场;公园,116.366573,39.950771,1397,1925,1540,否
北师大实验小学,116.368558,39.963230,元土城遗址公园,风景名胜;公园广场;公园,116.366139,39.975799,1414,1988,1590,否
海淀区七一小学,116.307009,39.898333,莲花池公园,风景名胜;公园广场;公园,116.315327,39.893297,904,1644,1315,否
海淀区七一小学,116.307009,39.898333,小天鹅公园,风景名胜;公园广场;公园,116.309335,39.913179,1664,2239,1791,否
海淀区七一小学,116.307009,39.898333,儿童科学公园,风景名胜;公园广场;公园,116.311018,39.913670,1741,2327,1862,否
海淀区七一小学,116.307009,39.898333,太平桥公园,风景名胜;公园广场;公园,116.324195,39.889543,1764,2831,2265,否
海淀区七一小学,116.307009,39.898333,为民公园,风景名胜;公园广场;公园,116.306467,39.882192,1797,2303,1842,否
海淀区中关村第二小学,116.316939,39.987307,中海体育公园,风景名胜;公园广场;公园,116.315203,39.986339,183,900,720,是
海淀区中关村第二小学,116.316939,39.987307,海淀区中关村西区精品街区公园,风景名胜;公园广场;公园,116.310612,39.982152,787,1629,1303,否
海淀区中关村第二小学,116.316939,39.987307,院士公园,风景名胜;公园广场;公园,116.327133,39.981181,1105,1664,1331,否
海淀区中关村第二小学,116.316939,39.987307,北京大学鸣鹤园,风景名胜;公园广场;公园,116.305312,39.995300,1332,1869,1495,否
海淀区中关村第二小学,116.316939,39.987307,北京大学朗润园,风景名胜;公园广场;公园,116.309887,39.998030,1336,1819,1455,否
海淀区九一小学,116.362077,39.979284,元土城遗址公园,风景名胜;公园广场;公园,116.366139,39.975799,520,729,583,否
海淀区九一小学,116.362077,39.979284,北京大学学院路校区中心花园,风景名胜;公园广场;公园,116.356422,39.984139,724,1168,934,否
海淀区九一小学,116.362077,39.979284,北京航空航天大学学院路校区唯实园,风景名胜;公园广场;公园,116.351288,39.978555,923,1603,1282,否
海淀区九一小学,116.362077,39.979284,小公园(龙翔路),风景名胜;公园广场;公园,116.375724,39.981235,1184,1627,1302,否
海淀区九一小学,116.362077,39.979284,北京航空航天大学学院路校区绿园,风景名胜;公园广场;公园,116.346097,39.983883,1456,1966,1573,否
海淀区五一小学（北校区）,116.264008,39.903076,永定路街道街心公园,风景名胜;公园广场;公园,116.260050,39.912451,1096,1623,1298,否
海淀区五一小学（北校区）,116.264008,39.903076,青塔街心广场,风景名胜;公园广场;公园,116.260386,39.892431,1224,1752,1402,否
海淀区五一小学（北校区）,116.264008,39.903076,轮上公园,风景名胜;公园广场;公园,116.277100,39.908431,1266,1920,1536,否
海淀区五一小学（北校区）,116.264008,39.903076,五棵松奥林匹克文化公园,风景名胜;公园广场;公园,116.275228,39.911837,1367,2038,1630,否
海淀区五一小学（北校区）,116.264008,39.903076,北京国际雕塑公园东区,风景名胜;公园广场;公园,116.247986,39.905970,1405,2900,2320,否
海淀区五一小学（晋分校区）,116.207611,39.921295,田村城市休闲公园,风景名胜;公园广场;公园,116.210379,39.920292,261,976,781,是
海淀区五一小学（晋分校区）,116.207611,39.921295,西郊雨洪调蓄工程,风景名胜;公园广场;公园,116.219835,39.920924,1044,3293,2634,否
海淀区五一小学（晋分校区）,116.207611,39.921295,天乐园,风景名胜;公园广场;公园,116.209925,39.911277,1132,1416,1133,否
海淀区五一小学（晋分校区）,116.207611,39.921295,石景山雕塑公园,风景名胜;公园广场;公园,116.199834,39.911878,1240,1900,1520,否
海淀区五一小学（晋分校区）,116.207611,39.921295,平坡草树公园,风景名胜;公园广场;公园,116.196463,39.930708,1415,1968,1574,否
海淀区六郎庄小学,116.293288,39.990830,AI未来公园,风景名胜;公园广场;公园,116.295218,39.986945,462,638,510,是
海淀区六郎庄小学,116.293288,39.990830,海淀公园,风景名胜;公园广场;公园,116.295122,39.986416,515,681,545,否
海淀区六郎庄小学,116.293288,39.990830,亮丽园,风景名胜;公园广场;公园,116.292820,39.997167,706,815,652,否
海淀区六郎庄小学,116.293288,39.990830,海淀公园(西南门),风景名胜;公园广场;公园,116.291817,39.983903,781,769,615,否
海淀区六郎庄小学,116.293288,39.990830,一亩园公园,风景名胜;公园广场;公园,116.295340,39.999459,976,1325,1060,否
海淀区北安河中心小学,116.117904,40.067076,海棠春坞公园,风景名胜;公园广场;公园,116.135492,40.070323,1541,1933,1546,否
海淀区双榆树第一小学,116.327338,39.970224,双榆树公园,风景名胜;公园广场;公园,116.324810,39.970456,217,284,227,是
海淀区双榆树第一小学,116.327338,39.970224,知春公园,风景名胜;公园广场;公园,116.325896,39.974074,445,636,509,是
海淀区双榆树第一小学,116.327338,39.970224,躺碑庙公园,风景名胜;公园广场;公园,116.329102,39.965722,523,853,682,否
海淀区双榆树第一小学,116.327338,39.970224,顺馨园,风景名胜;公园广场;公园,116.338819,39.969219,985,1557,1246,否
海淀区双榆树第一小学,116.327338,39.970224,大钟寺体育公园,风景名胜;公园广场;公园,116.338475,39.966210,1049,1474,1179,否
海淀区和平小学（东埠头校区）（辛庄校区）,116.151828,40.064217,温泉村党建主题公园,风景名胜;公园广场;公园,116.156661,40.053919,1218,2120,1696,否
海淀区和平小学（东埠头校区）（辛庄校区）,116.151828,40.064217,公园,风景名胜;公园广场;公园,116.165337,40.060621,1218,1549,1239,否
海淀区和平小学（东埠头校区）（辛庄校区）,116.151828,40.064217,海棠春坞公园,风景名胜;公园广场;公园,116.135492,40.070323,1548,2158,1726,否
海淀区和平小学（东埠头校区）（辛庄校区）,116.151828,40.064217,温泉公园3期,风景名胜;公园广场;公园,116.172660,40.051394,2277,2862,2290,否
海淀区和平小学（东埠头校区）（辛庄校区）,116.151828,40.064217,温泉冰雪体育公园(暂停开放),风景名胜;公园广场;公园,116.161471,40.042123,2593,4049,3239,否
海淀区培星小学（北校区）,116.250910,40.009125,功德寺公园,风景名胜;公园广场;公园,116.257439,40.002505,923,1245,996,否
海淀区培星小学（北校区）,116.250910,40.009125,口袋公园,风景名胜;公园广场;公园,116.266863,40.015384,1528,3165,2532,否
海淀区培星小学（北校区）,116.250910,40.009125,水上公园(不对外开放),风景名胜;公园广场;公园,116.261701,40.020401,1556,4275,3420,否
海淀区培星小学（北校区）,116.250910,40.009125,清河滨水绿廊-清河之源,风景名胜;公园广场;公园|风景名胜;风景名胜;风景名胜,116.271614,40.010245,1769,2841,2273,否
海淀区培星小学（北校区）,116.250910,40.009125,玉东郊野公园,风景名胜;公园广场;公园,116.256265,39.992097,1949,3041,2433,否
海淀区培星小学（南校区）,116.256435,40.004666,功德寺公园,风景名胜;公园广场;公园,116.257439,40.002505,255,251,201,是
海淀区培星小学（南校区）,116.256435,40.004666,玉东郊野公园,风景名胜;公园广场;公园,116.256265,39.992097,1399,2046,1637,否
海淀区培星小学（南校区）,116.256435,40.004666,清河滨水绿廊-清河之源,风景名胜;公园广场;公园|风景名胜;风景名胜;风景名胜,116.271614,40.010245,1435,2164,1731,否
海淀区培星小学（南校区）,116.256435,40.004666,口袋公园,风景名胜;公园广场;公园,116.266863,40.015384,1488,2488,1990,否
海淀区培星小学（南校区）,116.256435,40.004666,水上公园(不对外开放),风景名胜;公园广场;公园,116.261701,40.020401,1808,3598,2878,否
海淀区太平路小学,116.259276,39.901495,森林健身园,风景名胜;公园广场;公园,116.248084,39.899099,992,1437,1150,否
海淀区太平路小学,116.259276,39.901495,旺景公园,风景名胜;公园广场;公园,116.247465,39.900752,1012,1384,1107,否
海淀区太平路小学,116.259276,39.901495,青塔街心广场,风景名胜;公园广场;公园,116.260386,39.892431,1013,1263,1010,否
海淀区太平路小学,116.259276,39.901495,北京国际雕塑公园东区,风景名胜;公园广场;公园,116.247986,39.905970,1085,2540,2032,否
海淀区太平路小学,116.259276,39.901495,调色板花园,风景名胜;公园广场;公园,116.246756,39.897954,1139,1629,1303,否
海淀区太平路小学（分校）,116.254717,39.906032,北京国际雕塑公园东区,风景名胜;公园广场;公园,116.247986,39.905970,574,2091,1673,否
海淀区太平路小学（分校）,116.254717,39.906032,永定路街道街心公园,风景名胜;公园广场;公园,116.260050,39.912451,847,1155,924,否
海淀区太平路小学（分校）,116.254717,39.906032,旺景公园,风景名胜;公园广场;公园,116.247465,39.900752,853,1522,1218,否
海淀区太平路小学（分校）,116.254717,39.906032,北京国际雕塑公园,风景名胜;公园广场;公园,116.244127,39.905953,904,1683,1346,否
海淀区太平路小学（分校）,116.254717,39.906032,森林健身园,风景名胜;公园广场;公园,116.248084,39.899099,957,1635,1308,否
海淀区学院路小学,116.351270,39.970905,北京航空航天大学学院路校区唯实园,风景名胜;公园广场;公园,116.351288,39.978555,851,1387,1110,否
海淀区学院路小学,116.351270,39.970905,顺馨园,风景名胜;公园广场;公园,116.338819,39.969219,1078,1645,1316,否
海淀区学院路小学,116.351270,39.970905,北京航空航天大学学院路校区南花园,风景名胜;公园广场;公园,116.344691,39.980191,1176,1607,1286,否
海淀区学院路小学,116.351270,39.970905,大钟寺体育公园,风景名胜;公园广场;公园,116.338475,39.966210,1210,1679,1343,否
海淀区学院路小学,116.351270,39.970905,元土城遗址公园,风景名胜;公园广场;公园,116.366139,39.975799,1380,1880,1504,否
海淀区定慧里小学,116.280881,39.922149,定慧公园怡趣园,风景名胜;公园广场;公园,116.281662,39.920600,184,241,193,是
海淀区定慧里小学,116.280881,39.922149,定慧公园,风景名胜;公园广场;公园,116.284024,39.920534,323,465,372,是
海淀区定慧里小学,116.280881,39.922149,玲珑街心公园,风景名胜;公园广场;公园,116.285752,39.926226,615,788,630,否
海淀区定慧里小学,116.280881,39.922149,五棵松奥林匹克文化公园-北区,风景名胜;公园广场;公园,116.275378,39.915935,836,1622,1298,否
海淀区定慧里小学,116.280881,39.922149,慧馨园,风景名胜;公园广场;公园,116.290217,39.924632,843,993,794,否
海淀区实验小学（花园村校区）,116.308645,39.927500,中塔公园,风景名胜;公园广场;公园,116.308096,39.920538,776,1220,976,否
海淀区实验小学（花园村校区）,116.308645,39.927500,诗情画意文化广场,风景名胜;公园广场;公园,116.311588,39.919281,948,1916,1533,否
海淀区实验小学（花园村校区）,116.308645,39.927500,北洼园,风景名胜;公园广场;公园,116.304305,39.936391,1056,1696,1357,否
海淀区实验小学（花园村校区）,116.308645,39.927500,中塔公园西院,风景名胜;公园广场;公园,116.303463,39.918030,1143,2007,1606,否
海淀区实验小学（花园村校区）,116.308645,39.927500,玲珑塔公园,风景名胜;公园广场;公园,116.295288,39.929114,1154,1600,1280,否
海淀区实验小学（苏州街校区）,116.305040,39.951050,南长河公园,风景名胜;公园广场;公园,116.302924,39.950400,194,1107,886,是
海淀区实验小学（苏州街校区）,116.305040,39.951050,中欧友谊花园,风景名胜;公园广场;公园,116.309964,39.953942,529,1380,1104,否
海淀区实验小学（苏州街校区）,116.305040,39.951050,生命之光人口文化园,风景名胜;公园广场;公园,116.298667,39.952858,579,720,576,否
海淀区实验小学（苏州街校区）,116.305040,39.951050,文园(民族大学西路),风景名胜;公园广场;公园,116.315518,39.949635,907,1814,1451,否
海淀区实验小学（苏州街校区）,116.305040,39.951050,车道沟公园,风景名胜;公园广场;公园,116.294397,39.943911,1206,2265,1812,否
海淀区永丰中心小学（宏丰校区）,116.238084,40.046744,五一渠生态滨河公园,风景名胜;公园广场;公园,116.253315,40.052800,1462,1913,1530,否
海淀区永丰中心小学（宏丰校区）,116.238084,40.046744,百旺公园,风景名胜;公园广场;公园,116.257461,40.044152,1676,2014,1611,否
海淀区永丰中心小学（宏丰校区）,116.238084,40.046744,北京觅特体育公园,风景名胜;公园广场;公园,116.260523,40.039568,2072,2488,1990,否
海淀区永丰中心小学（宏丰校区）,116.238084,40.046744,德馨园,风景名胜;公园广场;公园,116.264822,40.044055,2298,2670,2136,否
海淀区永丰中心小学（宏丰校区）,116.238084,40.046744,永丰公园,风景名胜;公园广场;公园,116.231476,40.069502,2595,3534,2827,否
海淀区玉泉小学,116.254973,39.918262,阳光星期八公园,风景名胜;公园广场;公园,116.254489,39.916142,239,434,347,是
海淀区玉泉小学,116.254973,39.918262,阜石路南侧绿地公园西区,风景名胜;公园广场;公园,116.256620,39.924045,658,1271,1017,否
海淀区玉泉小学,116.254973,39.918262,永定路街道街心公园,风景名胜;公园广场;公园,116.260050,39.912451,778,1073,858,否
海淀区玉泉小学,116.254973,39.918262,口袋公园,风景名胜;公园广场;公园,116.260047,39.929446,1318,1619,1295,否
海淀区玉泉小学,116.254973,39.918262,永建公园,风景名胜;公园广场;公园,116.270185,39.923049,1403,1819,1455,否
海淀区玉泉小学（五里校区）,116.257089,39.920893,阜石路南侧绿地公园西区,风景名胜;公园广场;公园,116.256620,39.924045,353,794,635,是
海淀区玉泉小学（五里校区）,116.257089,39.920893,阳光星期八公园,风景名胜;公园广场;公园,116.254489,39.916142,573,830,664,否
海淀区玉泉小学（五里校区）,116.257089,39.920893,永定路街道街心公园,风景名胜;公园广场;公园,116.260050,39.912451,973,1148,918,否
海淀区玉泉小学（五里校区）,116.257089,39.920893,口袋公园,风景名胜;公园广场;公园,116.260047,39.929446,985,1142,914,否
海淀区玉泉小学（五里校区）,116.257089,39.920893,永建公园,风景名胜;公园广场;公园,116.270185,39.923049,1143,1449,1159,否
海淀区第二实验小学橡树校区,116.330940,40.030013,街心公园,风景名胜;公园广场;公园,116.332721,40.034093,478,814,651,是
海淀区第二实验小学橡树校区,116.330940,40.030013,清河燕清体育文化公园,风景名胜;公园广场;公园,116.338954,40.034543,849,1129,903,否
海淀区第二实验小学橡树校区,116.330940,40.030013,美和园公园,风景名胜;公园广场;公园,116.323264,40.035240,875,1166,933,否
海淀区第二实验小学橡树校区,116.330940,40.030013,爱之园,风景名胜;公园广场;公园,116.320138,40.030581,922,1423,1138,否
海淀区第二实验小学橡树校区,116.330940,40.030013,清河翠谷,风景名胜;公园广场;公园,116.342376,40.036698,1226,1437,1150,否
海淀区第二实验小学（汇缘校区）,116.323779,40.028797,爱之园,风景名胜;公园广场;公园,116.320138,40.030581,368,640,512,是
海淀区第二实验小学（汇缘校区）,116.323779,40.028797,美和园公园,风景名胜;公园广场;公园,116.323264,40.035240,718,1349,1079,否
海淀区第二实验小学（汇缘校区）,116.323779,40.028797,街心公园,风景名胜;公园广场;公园,116.332721,40.034093,963,1867,1494,否
海淀区第二实验小学（汇缘校区）,116.323779,40.028797,北京体育大学-冠军园,风景名胜;公园广场;公园,116.317564,40.021331,985,1625,1300,否
海淀区第二实验小学（汇缘校区）,116.323779,40.028797,幸福花园,风景名胜;公园广场;公园,116.309433,40.029881,1228,1290,1032,否
海淀区红英小学（六里屯校区）,116.252626,40.063427,丰滢公园,风景名胜;公园广场;公园,116.249486,40.072213,1013,1672,1338,否
海淀区红英小学（六里屯校区）,116.252626,40.063427,五一渠生态滨河公园,风景名胜;公园广场;公园,116.253315,40.052800,1184,1892,1514,否
海淀区红英小学（六里屯校区）,116.252626,40.063427,航天湖公园,风景名胜;公园广场;公园,116.263445,40.070757,1231,2014,1611,否
海淀区红英小学（六里屯校区）,116.252626,40.063427,中关村公园西区,风景名胜;公园广场;公园,116.267958,40.058988,1396,2073,1658,否
海淀区红英小学（六里屯校区）,116.252626,40.063427,永丰公园,风景名胜;公园广场;公园,116.231476,40.069502,1924,2705,2164,否
海淀区红英小学（唐家岭校区）,116.274694,40.064053,雨水湿地,风景名胜;公园广场;公园,116.282719,40.063156,690,1041,833,否
海淀区红英小学（唐家岭校区）,116.274694,40.064053,中关村公园西区,风景名胜;公园广场;公园,116.267958,40.058988,804,1004,803,否
海淀区红英小学（唐家岭校区）,116.274694,40.064053,航天湖公园,风景名胜;公园广场;公园,116.263445,40.070757,1214,1632,1306,否
海淀区红英小学（唐家岭校区）,116.274694,40.064053,壹米童趣公园,风景名胜;公园广场;公园,116.290664,40.060085,1430,2228,1782,否
海淀区红英小学（唐家岭校区）,116.274694,40.064053,中关村软件园体育公园,风景名胜;公园广场;公园,116.277301,40.049545,1630,2449,1959,否
海淀区红英小学（韩家川校区）,116.241054,40.034509,北京觅特体育公园,风景名胜;公园广场;公园,116.260523,40.039568,1752,1954,1563,否
海淀区红英小学（韩家川校区）,116.241054,40.034509,百旺公园,风景名胜;公园广场;公园,116.257461,40.044152,1762,2806,2245,否
海淀区红英小学（韩家川校区）,116.241054,40.034509,中国银行城市森林公园,风景名胜;公园广场;公园,116.266569,40.034426,2174,3676,2941,否
海淀区红英小学（韩家川校区）,116.241054,40.034509,德馨园,风景名胜;公园广场;公园,116.264822,40.044055,2287,3462,2770,否
海淀区红英小学（韩家川校区）,116.241054,40.034509,五一渠生态滨河公园,风景名胜;公园广场;公园,116.253315,40.052800,2288,2851,2281,否
海淀区翠微小学（西校区）,116.296929,39.913483,翠微烟雨公园,风景名胜;公园广场;公园,116.300498,39.917287,521,1014,811,否
海淀区翠微小学（西校区）,116.296929,39.913483,滨角园口袋公园,风景名胜;公园广场;公园,116.296682,39.919267,644,920,736,否
海淀区翠微小学（西校区）,116.296929,39.913483,定慧公园怡静园,风景名胜;公园广场;公园,116.295728,39.919387,665,931,745,否
海淀区翠微小学（西校区）,116.296929,39.913483,中塔公园西院,风景名胜;公园广场;公园,116.303463,39.918030,753,2216,1773,否
海淀区翠微小学（西校区）,116.296929,39.913483,小天鹅公园,风景名胜;公园广场;公园,116.309335,39.913179,1059,1099,879,否
海淀区育鹰小学（东校区）,116.334266,40.050095,西三旗绿色海岸,风景名胜;公园广场;公园,116.338428,40.043836,781,1121,897,否
海淀区育鹰小学（东校区）,116.334266,40.050095,龙域休闲公园,风景名胜;公园广场;公园,116.325832,40.057725,1112,1230,984,否
海淀区育鹰小学（东校区）,116.334266,40.050095,安宁庄公园,风景名胜;公园广场;公园,116.320711,40.049636,1156,1744,1395,否
海淀区育鹰小学（东校区）,116.334266,40.050095,碧水风荷公园,风景名胜;公园广场;公园,116.338535,40.039813,1201,2108,1686,否
海淀区育鹰小学（东校区）,116.334266,40.050095,小营公园,风景名胜;公园广场;公园,116.347323,40.043283,1346,2037,1630,否
首都师范大学附属小学（柳明校区）,116.237959,39.921655,什坊园公园,风景名胜;公园广场;公园,116.236808,39.930816,1024,1564,1251,否
首都师范大学附属小学（柳明校区）,116.237959,39.921655,老山城市休闲公园,风景名胜;公园广场;公园,116.224446,39.914890,1377,2185,1748,否
首都师范大学附属小学（柳明校区）,116.237959,39.921655,西长安街文化艺术公园,风景名胜;公园广场;公园,116.237465,39.908526,1462,1975,1580,否
首都师范大学附属小学（柳明校区）,116.237959,39.921655,海淀区田村城市休闲公园,风景名胜;公园广场;公园,116.243314,39.934853,1538,2213,1770,否
首都师范大学附属小学（柳明校区）,116.237959,39.921655,阳光星期八公园,风景名胜;公园广场;公园,116.254489,39.916142,1538,2340,1872,否
香山小学,116.205837,39.988633,中国科学院植物研究所北京植物园,风景名胜;公园广场;植物园,116.210835,39.991049,504,787,630,否
香山小学,116.205837,39.988633,国家植物园南园-高香白桐(非洲巨木),风景名胜;公园广场;植物园,116.210826,39.991417,526,805,644,否
香山小学,116.205837,39.988633,壳斗科植物区,风景名胜;公园广场;植物园,116.213827,39.991022,731,1429,1143,否
香山小学,116.205837,39.988633,国家植物园南园-桑榆科植物区,风景名胜;公园广场;植物园,116.215477,39.988734,822,1295,1036,否
香山小学,116.205837,39.988633,国家植物园南园-水生与藤本园,风景名胜;公园广场;植物园,116.215565,39.989193,832,1322,1058,否
中关村一小科学城分校,116.204708,40.049197,画眉山滨水公园,风景名胜;公园广场;公园,116.207061,40.048846,204,719,575,是
中关村一小科学城分校,116.204708,40.049197,太舟坞公园,风景名胜;公园广场;公园,116.200041,40.048057,417,591,473,是
中关村一小科学城分校,116.204708,40.049197,东埠头沟公园-南区,风景名胜;公园广场;公园,116.193721,40.050071,941,1301,1041,否
中关村一小科学城分校,116.204708,40.049197,东埠头沟公园,风景名胜;公园广场;公园,116.192385,40.057664,1411,1954,1563,否
中关村一小科学城分校,116.204708,40.049197,温泉儿童生态体验园,风景名胜;公园广场;公园,116.186779,40.042394,1705,2531,2025,否
中关村第二小学（万泉河分校）,116.301485,39.986385,AI未来公园,风景名胜;公园广场;公园,116.295218,39.986945,538,913,730,否
中关村第二小学（万泉河分校）,116.301485,39.986385,海淀公园,风景名胜;公园广场;公园,116.295122,39.986416,542,930,744,否
中关村第二小学（万泉河分校）,116.301485,39.986385,海淀公园(西南门),风景名胜;公园广场;公园,116.291817,39.983903,869,1376,1101,否
中关村第二小学（万泉河分校）,116.301485,39.986385,海淀区中关村西区精品街区公园,风景名胜;公园广场;公园,116.310612,39.982152,910,1221,977,否
中关村第二小学（万泉河分校）,116.301485,39.986385,北京大学鸣鹤园,风景名胜;公园广场;公园,116.305312,39.995300,1044,1365,1092,否
中国农业大学附属小学,116.278808,40.021497,肖家河·绿动天地,风景名胜;公园广场;公园,116.288463,40.018007,910,1501,1201,否
中国农业大学附属小学,116.278808,40.021497,厢黄旗公园-南区,风景名胜;公园广场;公园,116.292606,40.023708,1201,1645,1316,否
中国农业大学附属小学,116.278808,40.021497,口袋公园,风景名胜;公园广场;公园,116.266863,40.015384,1224,1917,1534,否
中国农业大学附属小学,116.278808,40.021497,厢黄旗公园,风景名胜;公园广场;公园,116.293169,40.022768,1232,1751,1401,否
中国农业大学附属小学,116.278808,40.021497,百旺绿地公园,风景名胜;公园广场;公园,116.266751,40.027683,1237,2102,1682,否
中国农业科学院附属小学（政法路校区）,116.350436,39.963271,铁科院宿舍区中心花园,风景名胜;公园广场;公园,116.342474,39.956124,1046,2125,1700,否
中国农业科学院附属小学（政法路校区）,116.350436,39.963271,大钟寺体育公园,风景名胜;公园广场;公园,116.338475,39.966210,1071,1980,1584,否
中国农业科学院附属小学（政法路校区）,116.350436,39.963271,顺馨园,风景名胜;公园广场;公园,116.338819,39.969219,1192,2012,1610,否
中国农业科学院附属小学（政法路校区）,116.350436,39.963271,美丽北太,风景名胜;公园广场;公园,116.356421,39.951799,1375,1710,1368,否
中国农业科学院附属小学（政法路校区）,116.350436,39.963271,北京交通大学芳华园,风景名胜;公园广场;公园,116.343578,39.951291,1456,2657,2126,否
人大附中北大附小联合实验学校,116.173009,40.074144,龙湖光合公园,风景名胜;公园广场;公园,116.185878,40.064285,1551,2621,2097,否
人大附中北大附小联合实验学校,116.173009,40.074144,公园,风景名胜;公园广场;公园,116.165337,40.060621,1641,2902,2322,否
人大附中北大附小联合实验学校,116.173009,40.074144,稻香湖公园,风景名胜;公园广场;公园,116.184400,40.091435,2155,3227,2582,否
人大附中北大附小联合实验学校,116.173009,40.074144,轮胎公园,风景名胜;公园广场;公园,116.183986,40.093077,2305,3079,2463,否
人大附中北大附小联合实验学校,116.173009,40.074144,东埠头沟公园,风景名胜;公园广场;公园,116.192385,40.057664,2467,3728,2982,否
北京交通大学附属小学（东校区）,116.348401,39.953066,北京交通大学芳华园,风景名胜;公园广场;公园,116.343578,39.951291,456,652,522,是
北京交通大学附属小学（东校区）,116.348401,39.953066,铁科院宿舍区中心花园,风景名胜;公园广场;公园,116.342474,39.956124,609,938,750,否
北京交通大学附属小学（东校区）,116.348401,39.953066,北京交通大学劳动花园,风景名胜;公园广场;公园,116.340985,39.950822,680,809,647,否
北京交通大学附属小学（东校区）,116.348401,39.953066,美丽北太,风景名胜;公园广场;公园,116.356421,39.951799,698,2077,1662,否
北京交通大学附属小学（东校区）,116.348401,39.953066,南长河公园,风景名胜;公园广场;公园,116.350912,39.943514,1084,1238,990,否
北京外国语大学附属小学（万寿寺校区）,116.312605,39.951476,文园(民族大学西路),风景名胜;公园广场;公园,116.315518,39.949635,322,431,345,是
北京外国语大学附属小学（万寿寺校区）,116.312605,39.951476,中欧友谊花园,风景名胜;公园广场;公园,116.309964,39.953942,355,789,631,是
北京外国语大学附属小学（万寿寺校区）,116.312605,39.951476,南长河公园,风景名胜;公园广场;公园,116.302924,39.950400,834,1600,1280,否
北京外国语大学附属小学（万寿寺校区）,116.312605,39.951476,北京理工大学中关村校区中心公园,风景名胜;公园广场;公园,116.319043,39.959464,1045,1547,1238,否
北京外国语大学附属小学（万寿寺校区）,116.312605,39.951476,北京理工大学中心花园,风景名胜;公园广场;公园|风景名胜;风景名胜;风景名胜,116.319116,39.959538,1055,1555,1244,否
北京市海淀北部新区实验学校（小学部）,116.151233,40.099317,沙涧河公园,风景名胜;公园广场;公园,116.153421,40.104049,558,1158,926,否
北京市海淀北部新区实验学校（小学部）,116.151233,40.099317,同泽春园,风景名胜;公园广场;公园,116.141761,40.103154,912,1433,1146,否
北京市海淀北部新区实验学校（小学部）,116.151233,40.099317,公共文化公园,风景名胜;公园广场;公园,116.137869,40.106558,1394,1926,1541,否
北京市海淀北部新区实验学校（小学部）,116.151233,40.099317,温阳路公园,风景名胜;公园广场;公园,116.154025,40.113981,1649,2317,1854,否
北京市海淀北部新区实验学校（小学部）,116.151233,40.099317,轮胎公园,风景名胜;公园广场;公园,116.183986,40.093077,2874,4235,3388,否
北京市海淀区万泉小学（小南庄校区）,116.305909,39.968021,万泉河路红领巾街心花园,风景名胜;公园广场;公园,116.306057,39.970948,326,461,369,是
北京市海淀区万泉小学（小南庄校区）,116.305909,39.968021,中国人民大学中关村校区牡丹苑,风景名胜;公园广场;公园,116.310732,39.971517,566,773,618,否
北京市海淀区万泉小学（小南庄校区）,116.305909,39.968021,中国人民大学中关村校区桃李园,风景名胜;公园广场;公园,116.310031,39.972052,570,835,668,否
北京市海淀区万泉小学（小南庄校区）,116.305909,39.968021,乡园,风景名胜;公园广场;公园,116.316634,39.964787,983,2059,1647,否
北京市海淀区万泉小学（小南庄校区）,116.305909,39.968021,长春健身园,风景名胜;公园广场;公园,116.292310,39.964813,1213,1754,1403,否
北京理工大学附属中学（小学部）,116.303781,39.946322,南长河公园,风景名胜;公园广场;公园,116.302924,39.950400,459,868,694,是
北京理工大学附属中学（小学部）,116.303781,39.946322,车道沟公园,风景名胜;公园广场;公园,116.294397,39.943911,844,1536,1229,否
北京理工大学附属中学（小学部）,116.303781,39.946322,生命之光人口文化园,风景名胜;公园广场;公园,116.298667,39.952858,848,1327,1062,否
北京理工大学附属中学（小学部）,116.303781,39.946322,中欧友谊花园,风景名胜;公园广场;公园,116.309964,39.953942,998,1900,1520,否
北京理工大学附属中学（小学部）,116.303781,39.946322,文园(民族大学西路),风景名胜;公园广场;公园,116.315518,39.949635,1067,1865,1492,否
北京邮电大学附属小学（志强校区）,116.364842,39.947667,老舍公园,风景名胜;公园广场;公园,116.366573,39.950771,375,678,542,是
北京邮电大学附属小学（志强校区）,116.364842,39.947667,美丽北太,风景名胜;公园广场;公园,116.356421,39.951799,853,1375,1100,否
北京邮电大学附属小学（志强校区）,116.364842,39.947667,新街口城市森林公园,风景名胜;公园广场;公园,116.371783,39.941353,919,1646,1317,否
北京邮电大学附属小学（志强校区）,116.364842,39.947667,安康园,风景名胜;公园广场;公园,116.375641,39.952230,1052,1498,1198,否
北京邮电大学附属小学（志强校区）,116.364842,39.947667,南长河公园,风景名胜;公园广场;公园,116.350912,39.943514,1275,1769,1415,否
北京邮电大学附属小学（文慧园校区）,116.360129,39.951432,美丽北太,风景名胜;公园广场;公园,116.356421,39.951799,319,472,378,是
北京邮电大学附属小学（文慧园校区）,116.360129,39.951432,老舍公园,风景名胜;公园广场;公园,116.366573,39.950771,554,792,634,否
北京邮电大学附属小学（文慧园校区）,116.360129,39.951432,南长河公园,风景名胜;公园广场;公园,116.350912,39.943514,1181,2026,1621,否
北京邮电大学附属小学（文慧园校区）,116.360129,39.951432,安康园,风景名胜;公园广场;公园,116.375641,39.952230,1326,1685,1348,否
北京邮电大学附属小学（文慧园校区）,116.360129,39.951432,北京交通大学芳华园,风景名胜;公园广场;公园,116.343578,39.951291,1412,3036,2429,否
北京邮电大学附属小学（海淀区今典小学）,116.360159,39.955453,美丽北太,风景名胜;公园广场;公园,116.356421,39.951799,516,666,533,否
北京邮电大学附属小学（海淀区今典小学）,116.360159,39.955453,老舍公园,风景名胜;公园广场;公园,116.366573,39.950771,755,1109,887,否
北京邮电大学附属小学（海淀区今典小学）,116.360159,39.955453,安康园,风景名胜;公园广场;公园,116.375641,39.952230,1369,2002,1602,否
北京邮电大学附属小学（海淀区今典小学）,116.360159,39.955453,北京交通大学芳华园,风景名胜;公园广场;公园,116.343578,39.951291,1488,2544,2035,否
北京邮电大学附属小学（海淀区今典小学）,116.360159,39.955453,铁科院宿舍区中心花园,风景名胜;公园广场;公园,116.342474,39.956124,1510,2027,1622,否
北大附中新馨学校（小学部）,116.352526,40.058254,新康园社区口袋公园,风景名胜;公园广场;公园,116.350916,40.065250,790,1678,1342,否
北大附中新馨学校（小学部）,116.352526,40.058254,南店公园,风景名胜;公园广场;公园,116.338816,40.063087,1286,2015,1612,否
北大附中新馨学校（小学部）,116.352526,40.058254,新都公园,风景名胜;公园广场;公园,116.366178,40.063263,1289,1773,1418,否
北大附中新馨学校（小学部）,116.352526,40.058254,小营公园,风景名胜;公园广场;公园,116.347323,40.043283,1724,2891,2313,否
北大附中新馨学校（小学部）,116.352526,40.058254,翡丽公园,风景名胜;公园广场;公园,116.370392,40.065694,1732,2462,1970,否
和平小学杨家庄校区,116.194195,40.042896,温泉儿童生态体验园,风景名胜;公园广场;公园,116.186779,40.042394,634,945,756,否
和平小学杨家庄校区,116.194195,40.042896,太舟坞公园,风景名胜;公园广场;公园,116.200041,40.048057,760,2367,1894,否
和平小学杨家庄校区,116.194195,40.042896,东埠头沟公园-南区,风景名胜;公园广场;公园,116.193721,40.050071,799,2177,1742,否
和平小学杨家庄校区,116.194195,40.042896,白家疃公园,风景名胜;公园广场;公园,116.183093,40.044563,964,1116,893,否
和平小学杨家庄校区,116.194195,40.042896,画眉山滨水公园,风景名胜;公园广场;公园,116.207061,40.048846,1280,2344,1875,否
海淀区上地实验小学（上庄校区）,116.202121,40.128063,威凯居住区绿地公园,风景名胜;公园广场;公园,116.201401,40.125876,251,792,634,是
海淀区上地实验小学（上庄校区）,116.202121,40.128063,蜂巢绿地,风景名胜;公园广场;公园,116.204828,40.126298,302,842,674,是
海淀区上地实验小学（上庄校区）,116.202121,40.128063,东小营公园,风景名胜;公园广场;公园,116.208781,40.122963,802,1515,1212,否
海淀区上地实验小学（上庄校区）,116.202121,40.128063,浮青园,风景名胜;公园广场;公园,116.212567,40.124250,985,2111,1689,否
海淀区上地实验小学（上庄校区）,116.202121,40.128063,八家村公园,风景名胜;公园广场;公园,116.189160,40.114194,1897,3318,2654,否
海淀区上庄中心小学（上庄校区）,116.214016,40.113806,皂甲屯休闲公园,风景名胜;公园广场;公园,116.222414,40.113847,714,1215,972,否
海淀区上庄中心小学（上庄校区）,116.214016,40.113806,永泰庄纳兰文化公园,风景名胜;公园广场;公园,116.222386,40.119799,976,2039,1631,否
海淀区上庄中心小学（上庄校区）,116.214016,40.113806,东小营公园,风景名胜;公园广场;公园,116.208781,40.122963,1112,1526,1221,否
海淀区上庄中心小学（上庄校区）,116.214016,40.113806,浮青园,风景名胜;公园广场;公园,116.212567,40.124250,1169,1487,1190,否
海淀区上庄中心小学（上庄校区）,116.214016,40.113806,药食不分植物园(不对外开放),风景名胜;公园广场;植物园,116.205971,40.101564,1525,2310,1848,否
海淀区上庄中心小学（东马坊校区）,116.199572,40.094388,东马坊健身公园,风景名胜;公园广场;公园,116.204342,40.090640,582,753,602,否
海淀区上庄中心小学（东马坊校区）,116.199572,40.094388,药食不分植物园(不对外开放),风景名胜;公园广场;植物园,116.205971,40.101564,967,1387,1110,否
海淀区上庄中心小学（东马坊校区）,116.199572,40.094388,稻香湖公园,风景名胜;公园广场;公园,116.184400,40.091435,1333,3705,2964,否
海淀区上庄中心小学（东马坊校区）,116.199572,40.094388,轮胎公园,风景名胜;公园广场;公园,116.183986,40.093077,1335,3557,2846,否
海淀区上庄中心小学（东马坊校区）,116.199572,40.094388,翠湖国家城市湿地公园,风景名胜;公园广场;公园,116.186404,40.103524,1513,5903,4722,否
海淀区中关村第三小学（万柳北校区）,116.295641,39.968861,长春健身园,风景名胜;公园广场;公园,116.292310,39.964813,532,819,655,否
海淀区中关村第三小学（万柳北校区）,116.295641,39.968861,金源娱乐园,风景名胜;公园广场;公园,116.289666,39.964430,709,2044,1635,否
海淀区中关村第三小学（万柳北校区）,116.295641,39.968861,四季青公园,风景名胜;公园广场;公园,116.286969,39.968545,740,1503,1202,否
海淀区中关村第三小学（万柳北校区）,116.295641,39.968861,万泉河路红领巾街心花园,风景名胜;公园广场;公园,116.306057,39.970948,918,1214,971,否
海淀区中关村第三小学（万柳北校区）,116.295641,39.968861,中国人民大学中关村校区桃李园,风景名胜;公园广场;公园,116.310031,39.972052,1278,1588,1270,否
海淀区中关村第三小学（万柳南校区）,116.297569,39.962495,长春健身园,风景名胜;公园广场;公园,116.292310,39.964813,517,686,549,否
海淀区中关村第三小学（万柳南校区）,116.297569,39.962495,金源娱乐园,风景名胜;公园广场;公园,116.289666,39.964430,707,2236,1789,否
海淀区中关村第三小学（万柳南校区）,116.297569,39.962495,生命之光人口文化园,风景名胜;公园广场;公园,116.298667,39.952858,1076,1725,1380,否
海淀区中关村第三小学（万柳南校区）,116.297569,39.962495,四季青公园,风景名胜;公园广场;公园,116.286969,39.968545,1127,1871,1497,否
海淀区中关村第三小学（万柳南校区）,116.297569,39.962495,万泉河路红领巾街心花园,风景名胜;公园广场;公园,116.306057,39.970948,1187,1712,1370,否
海淀区八里庄小学,116.299916,39.927703,玲珑塔公园,风景名胜;公园广场;公园,116.295288,39.929114,425,708,566,是
海淀区八里庄小学,116.299916,39.927703,慧馨园,风景名胜;公园广场;公园,116.290217,39.924632,895,1251,1001,否
海淀区八里庄小学,116.299916,39.927703,宝联体育公园,风景名胜;公园广场;公园,116.299036,39.936229,952,1279,1023,否
海淀区八里庄小学,116.299916,39.927703,滨角园口袋公园,风景名胜;公园广场;公园,116.296682,39.919267,978,1152,922,否
海淀区八里庄小学,116.299916,39.927703,定慧公园怡静园,风景名胜;公园广场;公园,116.295728,39.919387,992,1299,1039,否
海淀区北安河中心小学（周家巷校区）,116.129466,40.054506,海棠春坞公园,风景名胜;公园广场;公园,116.135492,40.070323,1834,2655,2124,否
海淀区北安河中心小学（周家巷校区）,116.129466,40.054506,温泉村党建主题公园,风景名胜;公园广场;公园,116.156661,40.053919,2318,2539,2031,否
海淀区台头小学（红星校区）,116.122091,40.081486,海棠春坞公园,风景名胜;公园广场;公园,116.135492,40.070323,1687,2468,1974,否
海淀区台头小学（红星校区）,116.122091,40.081486,同泽春园,风景名胜;公园广场;公园,116.141761,40.103154,2936,4175,3340,否
海淀区图强第二小学,116.271305,39.909380,五棵松奥林匹克文化公园,风景名胜;公园广场;公园,116.275228,39.911837,432,1043,834,是
海淀区图强第二小学,116.271305,39.909380,轮上公园,风景名胜;公园广场;公园,116.277100,39.908431,505,925,740,否
海淀区图强第二小学,116.271305,39.909380,五棵松奥林匹克文化公园-北区,风景名胜;公园广场;公园,116.275378,39.915935,808,1132,906,否
海淀区图强第二小学,116.271305,39.909380,永定路街道街心公园,风景名胜;公园广场;公园,116.260050,39.912451,1020,1333,1066,否
海淀区图强第二小学,116.271305,39.909380,永建公园,风景名胜;公园广场;公园,116.270185,39.923049,1524,1863,1490,否
海淀区实验小学（阜成路校区）,116.314039,39.923093,诗情画意文化广场,风景名胜;公园广场;公园,116.311588,39.919281,473,1491,1193,是
海淀区实验小学（阜成路校区）,116.314039,39.923093,中塔公园,风景名胜;公园广场;公园,116.308096,39.920538,581,919,735,否
海淀区实验小学（阜成路校区）,116.314039,39.923093,阜成路口袋公园,风景名胜;公园广场;公园,116.321550,39.924017,649,792,634,否
海淀区实验小学（阜成路校区）,116.314039,39.923093,中塔公园西院,风景名胜;公园广场;公园,116.303463,39.918030,1064,1706,1365,否
海淀区实验小学（阜成路校区）,116.314039,39.923093,儿童科学公园,风景名胜;公园广场;公园,116.311018,39.913670,1080,1452,1162,否
海淀区振兴小学,116.224727,40.134852,浮青园,风景名胜;公园广场;公园,116.212567,40.124250,1569,2736,2189,否
海淀区振兴小学,116.224727,40.134852,永泰庄纳兰文化公园,风景名胜;公园广场;公园,116.222386,40.119799,1687,1865,1492,否
海淀区振兴小学,116.224727,40.134852,东小营公园,风景名胜;公园广场;公园,116.208781,40.122963,1895,3232,2586,否
海淀区振兴小学,116.224727,40.134852,蜂巢绿地,风景名胜;公园广场;公园,116.204828,40.126298,1943,3563,2850,否
海淀区振兴小学,116.224727,40.134852,威凯居住区绿地公园,风景名胜;公园广场;公园,116.201401,40.125876,2222,3818,3054,否
海淀区永丰中心小学（屯佃校区）,116.217181,40.062396,永丰公园,风景名胜;公园广场;公园,116.231476,40.069502,1452,2062,1650,否
海淀区永丰中心小学（屯佃校区）,116.217181,40.062396,画眉山滨水公园,风景名胜;公园广场;公园,116.207061,40.048846,1737,2866,2293,否
海淀区永丰中心小学（屯佃校区）,116.217181,40.062396,滨河公园,风景名胜;公园广场;公园,116.222686,40.079515,1962,2687,2150,否
海淀区永丰中心小学（屯佃校区）,116.217181,40.062396,太舟坞公园,风景名胜;公园广场;公园,116.200041,40.048057,2163,3336,2669,否
海淀区永丰中心小学（屯佃校区）,116.217181,40.062396,东埠头沟公园,风景名胜;公园广场;公园,116.192385,40.057664,2177,3465,2772,否
海淀区永泰小学,116.358164,40.033086,永泰公园,风景名胜;公园广场;公园,116.360121,40.034690,244,271,217,是
海淀区永泰小学,116.358164,40.033086,西三旗公园,风景名胜;公园广场;公园,116.362970,40.035774,507,566,453,否
海淀区永泰小学,116.358164,40.033086,云享气象谷公园,风景名胜;公园广场;公园,116.351682,40.033746,557,712,570,否
海淀区永泰小学,116.358164,40.033086,怡清园小区公园,风景名胜;公园广场;公园,116.362060,40.037824,623,1129,903,否
海淀区永泰小学,116.358164,40.033086,旗舞广场公园,风景名胜;公园广场;公园,116.350075,40.028593,851,1269,1015,否
海淀区永泰小学（清缘里校区）,116.357025,40.029010,旗舞广场公园,风景名胜;公园广场;公园,116.350075,40.028593,594,861,689,否
海淀区永泰小学（清缘里校区）,116.357025,40.029010,广济月波公园,风景名胜;公园广场;公园,116.350863,40.025648,644,1316,1053,否
海淀区永泰小学（清缘里校区）,116.357025,40.029010,永泰公园,风景名胜;公园广场;公园,116.360121,40.034690,685,971,777,否
海淀区永泰小学（清缘里校区）,116.357025,40.029010,云享气象谷公园,风景名胜;公园广场;公园,116.351682,40.033746,696,924,739,否
海淀区永泰小学（清缘里校区）,116.357025,40.029010,西三旗公园,风景名胜;公园广场;公园,116.362970,40.035774,907,1266,1013,否
海淀区红英小学（冷泉校区）,116.220814,40.030655,画眉山滨水公园,风景名胜;公园广场;公园,116.207061,40.048846,2339,3255,2604,否
海淀区红英小学（冷泉校区）,116.220814,40.030655,太舟坞公园,风景名胜;公园广场;公园,116.200041,40.048057,2624,3278,2622,否
海淀区红英小学（冷泉校区）,116.220814,40.030655,樱桃沟,风景名胜;公园广场;植物园,116.202110,40.010501,2752,6792,5434,否
海淀区红英小学（冷泉校区）,116.220814,40.030655,国家植物园-梅园山林游赏区,风景名胜;公园广场;植物园,116.203740,40.007877,2923,7146,5717,否
海淀区红英小学（冷泉校区）,116.220814,40.030655,北京植物园梅园,风景名胜;公园广场;植物园,116.203998,40.007593,2940,7192,5754,否
海淀区羊坊店中心小学,116.326522,39.900698,会城门公园,风景名胜;公园广场;公园,116.333266,39.901060,577,859,687,否
海淀区羊坊店中心小学,116.326522,39.900698,蝶翠华庭铁路公园,风景名胜;公园广场;公园,116.330897,39.895813,659,1166,933,否
海淀区羊坊店中心小学,116.326522,39.900698,莲花河城市休闲公园,风景名胜;公园广场;公园,116.330682,39.892280,1002,1299,1039,否
海淀区羊坊店中心小学,116.326522,39.900698,逸骏园(街心公园店),风景名胜;公园广场;公园,116.338510,39.897037,1102,1557,1246,否
海淀区羊坊店中心小学,116.326522,39.900698,太平桥公园,风景名胜;公园广场;公园,116.324195,39.889543,1257,1973,1578,否
海淀区羊坊店中心小学（低年级部）,116.326259,39.899326,蝶翠华庭铁路公园,风景名胜;公园广场;公园,116.330897,39.895813,556,1009,807,否
海淀区羊坊店中心小学（低年级部）,116.326259,39.899326,会城门公园,风景名胜;公园广场;公园,116.333266,39.901060,628,816,653,否
海淀区羊坊店中心小学（低年级部）,116.326259,39.899326,莲花河城市休闲公园,风景名胜;公园广场;公园,116.330682,39.892280,870,1142,914,否
海淀区羊坊店中心小学（低年级部）,116.326259,39.899326,逸骏园(街心公园店),风景名胜;公园广场;公园,116.338510,39.897037,1076,1400,1120,否
海淀区羊坊店中心小学（低年级部）,116.326259,39.899326,太平桥公园,风景名胜;公园广场;公园,116.324195,39.889543,1103,1816,1453,否
海淀区羊坊店第五小学,116.328344,39.902029,会城门公园,风景名胜;公园广场;公园,116.333266,39.901060,433,566,453,是
海淀区羊坊店第五小学,116.328344,39.902029,蝶翠华庭铁路公园,风景名胜;公园广场;公园,116.330897,39.895813,725,1000,800,否
海淀区羊坊店第五小学,116.328344,39.902029,逸骏园(街心公园店),风景名胜;公园广场;公园,116.338510,39.897037,1030,1386,1109,否
海淀区羊坊店第五小学,116.328344,39.902029,莲花河城市休闲公园,风景名胜;公园广场;公园,116.330682,39.892280,1103,1127,902,否
海淀区羊坊店第五小学,116.328344,39.902029,逸清园城市森林公园,风景名胜;公园广场;公园,116.340379,39.895747,1243,1703,1362,否
海淀区羊坊店第四小学,116.319704,39.903358,中华世纪坛公园,风景名胜;公园广场;公园,116.321438,39.912497,1028,1114,891,否
海淀区羊坊店第四小学,116.319704,39.903358,莲花池公园,风景名胜;公园广场;公园,116.315327,39.893297,1180,2384,1907,否
海淀区羊坊店第四小学,116.319704,39.903358,会城门公园,风景名胜;公园广场;公园,116.333266,39.901060,1186,1631,1305,否
海淀区羊坊店第四小学,116.319704,39.903358,玉渊潭牡丹园,风景名胜;公园广场;公园,116.320914,39.914138,1204,1381,1105,否
海淀区羊坊店第四小学,116.319704,39.903358,玉渊潭公园-樱落花谷,风景名胜;公园广场;公园,116.321175,39.914275,1221,1294,1035,否
海淀区翠微小学,116.303664,39.909696,小天鹅公园,风景名胜;公园广场;公园,116.309335,39.913179,620,855,684,否
海淀区翠微小学,116.303664,39.909696,儿童科学公园,风景名胜;公园广场;公园,116.311018,39.913670,768,1173,938,否
海淀区翠微小学,116.303664,39.909696,翠微烟雨公园,风景名胜;公园广场;公园,116.300498,39.917287,887,990,792,否
海淀区翠微小学,116.303664,39.909696,中塔公园西院,风景名胜;公园广场;公园,116.303463,39.918030,927,1972,1578,否
海淀区翠微小学,116.303664,39.909696,滨角园口袋公园,风景名胜;公园广场;公园,116.296682,39.919267,1220,1411,1129,否
海淀区翠湖小学（白水洼校区）,116.206602,40.135843,蜂巢绿地,风景名胜;公园广场;公园,116.204828,40.126298,1073,2389,1911,否
海淀区翠湖小学（白水洼校区）,116.206602,40.135843,威凯居住区绿地公园,风景名胜;公园广场;公园,116.201401,40.125876,1194,2644,2115,否
海淀区翠湖小学（白水洼校区）,116.206602,40.135843,浮青园,风景名胜;公园广场;公园,116.212567,40.124250,1386,1562,1250,否
海淀区翠湖小学（白水洼校区）,116.206602,40.135843,西闸村公园,风景名胜;公园广场;公园,116.200741,40.147600,1400,1795,1436,否
海淀区翠湖小学（白水洼校区）,116.206602,40.135843,东小营公园,风景名胜;公园广场;公园,116.208781,40.122963,1445,2058,1646,否
海淀区育鹰小学（西校区）,116.324555,40.054739,龙域休闲公园,风景名胜;公园广场;公园,116.325832,40.057725,349,701,561,是
海淀区育鹰小学（西校区）,116.324555,40.054739,安宁庄公园,风景名胜;公园广场;公园,116.320711,40.049636,655,1439,1151,否
海淀区育鹰小学（西校区）,116.324555,40.054739,快乐成长家庭人口文化园,风景名胜;公园广场;公园,116.309559,40.050644,1356,2584,2067,否
海淀区育鹰小学（西校区）,116.324555,40.054739,南店公园,风景名胜;公园广场;公园,116.338816,40.063087,1529,2164,1731,否
海淀区育鹰小学（西校区）,116.324555,40.054739,西三旗绿色海岸,风景名胜;公园广场;公园,116.338428,40.043836,1694,2094,1675,否
海淀区花园村第二小学（潘庄校区）,116.317533,39.935147,紫竹院公园,风景名胜;公园广场;公园,116.319079,39.942352,812,1367,1094,否
海淀区花园村第二小学（潘庄校区）,116.317533,39.935147,北洼园,风景名胜;公园广场;公园,116.304305,39.936391,1137,1487,1190,否
海淀区花园村第二小学（潘庄校区）,116.317533,39.935147,阜成路口袋公园,风景名胜;公园广场;公园,116.321550,39.924017,1285,1587,1270,否
海淀区花园村第二小学（潘庄校区）,116.317533,39.935147,五塔寺公园,风景名胜;公园广场;公园,116.329587,39.943299,1371,1902,1522,否
海淀区花园村第二小学（潘庄校区）,116.317533,39.935147,宝联体育公园,风景名胜;公园广场;公园,116.299036,39.936229,1583,2599,2079,否
海淀区苏家坨中心小学（苏三四校区）,116.173596,40.077293,龙湖光合公园,风景名胜;公园广场;公园,116.185878,40.064285,1786,2333,1866,否
海淀区苏家坨中心小学（苏三四校区）,116.173596,40.077293,稻香湖公园,风景名胜;公园广场;公园,116.184400,40.091435,1823,2600,2080,否
海淀区苏家坨中心小学（苏三四校区）,116.173596,40.077293,轮胎公园,风景名胜;公园广场;公园,116.183986,40.093077,1967,2452,1962,否
海淀区苏家坨中心小学（苏三四校区）,116.173596,40.077293,公园,风景名胜;公园广场;公园,116.165337,40.060621,1984,3045,2436,否
海淀区苏家坨中心小学（苏三四校区）,116.173596,40.077293,东埠头沟公园,风景名胜;公园广场;公园,116.192385,40.057664,2708,3462,2770,否
海淀区苏家坨中心小学（西小营校区）,116.158799,40.073118,公园,风景名胜;公园广场;公园,116.165337,40.060621,1498,1907,1526,否
海淀区苏家坨中心小学（西小营校区）,116.158799,40.073118,海棠春坞公园,风景名胜;公园广场;公园,116.135492,40.070323,2009,2685,2148,否
海淀区苏家坨中心小学（西小营校区）,116.158799,40.073118,温泉村党建主题公园,风景名胜;公园广场;公园,116.156661,40.053919,2145,3478,2782,否
海淀区苏家坨中心小学（西小营校区）,116.158799,40.073118,龙湖光合公园,风景名胜;公园广场;公园,116.185878,40.064285,2507,3456,2765,否
海淀区苏家坨中心小学（西小营校区）,116.158799,40.073118,温泉公园3期,风景名胜;公园广场;公园,116.172660,40.051394,2691,3220,2576,否
海淀第二实验小学安宁分校,116.324061,40.050086,安宁庄公园,风景名胜;公园广场;公园,116.320711,40.049636,289,350,280,是
海淀第二实验小学安宁分校,116.324061,40.050086,龙域休闲公园,风景名胜;公园广场;公园,116.325832,40.057725,863,1286,1029,否
海淀第二实验小学安宁分校,116.324061,40.050086,快乐成长家庭人口文化园,风景名胜;公园广场;公园,116.309559,40.050644,1237,1687,1350,否
海淀第二实验小学安宁分校,116.324061,40.050086,西三旗绿色海岸,风景名胜;公园广场;公园,116.338428,40.043836,1408,2066,1653,否
海淀第二实验小学安宁分校,116.324061,40.050086,美和园公园,风景名胜;公园广场;公园,116.323264,40.035240,1654,1850,1480,否
清华大学附属小学清河分校（强佑校区）,116.343621,40.029551,旗舞广场公园,风景名胜;公园广场;公园,116.350075,40.028593,560,687,550,否
清华大学附属小学清河分校（强佑校区）,116.343621,40.029551,清河燕清体育文化公园,风景名胜;公园广场;公园,116.338954,40.034543,683,1193,954,否
清华大学附属小学清河分校（强佑校区）,116.343621,40.029551,旗颂健康公园,风景名胜;公园广场;公园,116.344251,40.036182,740,1197,958,否
清华大学附属小学清河分校（强佑校区）,116.343621,40.029551,广济月波公园,风景名胜;公园广场;公园,116.350863,40.025648,754,941,753,否
清华大学附属小学清河分校（强佑校区）,116.343621,40.029551,清河翠谷,风景名胜;公园广场;公园,116.342376,40.036698,802,998,798,否
清华大学附属小学清河分校（朱房校区）,116.338427,40.028484,清河燕清体育文化公园,风景名胜;公园广场;公园,116.338954,40.034543,676,894,715,否
清华大学附属小学清河分校（朱房校区）,116.338427,40.028484,街心公园,风景名胜;公园广场;公园,116.332721,40.034093,791,1243,994,否
清华大学附属小学清河分校（朱房校区）,116.338427,40.028484,东升八家郊野公园东区,风景名胜;公园广场;公园,116.340734,40.020488,911,2044,1635,否
清华大学附属小学清河分校（朱房校区）,116.338427,40.028484,清河翠谷,风景名胜;公园广场;公园,116.342376,40.036698,974,1300,1040,否
清华大学附属小学清河分校（朱房校区）,116.338427,40.028484,旗颂健康公园,风景名胜;公园广场;公园,116.344251,40.036182,990,1667,1334,否
翠湖小学前章村校区,116.180418,40.125153,八家村公园,风景名胜;公园广场;公园,116.189160,40.114194,1428,1966,1573,否
翠湖小学前章村校区,116.180418,40.125153,威凯居住区绿地公园,风景名胜;公园广场;公园,116.201401,40.125876,1787,1928,1542,否
翠湖小学前章村校区,116.180418,40.125153,初园食虫植物园,风景名胜;公园广场;植物园,116.185244,40.109115,1832,2375,1900,否
翠湖小学前章村校区,116.180418,40.125153,蜂巢绿地,风景名胜;公园广场;公园,116.204828,40.126298,2081,2417,1934,否
翠湖小学前章村校区,116.180418,40.125153,八口郊野公园,风景名胜;公园广场;公园,116.167649,40.144152,2377,3038,2430,否
首都师范大学实验小学（北校区）,116.329520,39.933936,五塔寺公园,风景名胜;公园广场;公园,116.329587,39.943299,1042,2022,1618,否
首都师范大学实验小学（北校区）,116.329520,39.933936,紫竹院公园,风景名胜;公园广场;公园,116.319079,39.942352,1293,2101,1681,否
首都师范大学实验小学（北校区）,116.329520,39.933936,阜成路口袋公园,风景名胜;公园广场;公园,116.321550,39.924017,1297,1927,1542,否
首都师范大学实验小学（北校区）,116.329520,39.933936,东湖湿地公园,风景名胜;公园广场;公园,116.325844,39.918313,1767,3310,2648,否
首都师范大学实验小学（北校区）,116.329520,39.933936,北营房城市森林公园,风景名胜;公园广场;公园,116.348483,39.924000,1960,2766,2213,否
首都师范大学实验小学（南校区）,116.327779,39.930117,阜成路口袋公园,风景名胜;公园广场;公园,116.321550,39.924017,862,1851,1481,否
首都师范大学实验小学（南校区）,116.327779,39.930117,东湖湿地公园,风景名胜;公园广场;公园,116.325844,39.918313,1324,3370,2696,否
首都师范大学实验小学（南校区）,116.327779,39.930117,五塔寺公园,风景名胜;公园广场;公园,116.329587,39.943299,1475,1986,1589,否
首都师范大学实验小学（南校区）,116.327779,39.930117,紫竹院公园,风景名胜;公园广场;公园,116.319079,39.942352,1551,2063,1650,否
首都师范大学实验小学（南校区）,116.327779,39.930117,诗情画意文化广场,风景名胜;公园广场;公园,116.311588,39.919281,1834,3092,2474,否
